{"ts":"2026-03-05T18:01:33.958Z","event":"new_game","sessionId":"6jaf05p1","mode":"grab","level":"2","dealer":"south"}
{"ts":"2026-03-05T18:01:34.176Z","event":"dealing_tick","sessionId":"6jaf05p1","round":1,"declarations":1}
{"ts":"2026-03-05T18:01:34.400Z","event":"dealing_tick","sessionId":"6jaf05p1","round":2,"declarations":0}
{"ts":"2026-03-05T18:01:34.618Z","event":"dealing_tick","sessionId":"6jaf05p1","round":3,"declarations":0}
{"ts":"2026-03-05T18:01:34.826Z","event":"dealing_tick","sessionId":"6jaf05p1","round":4,"declarations":0}
{"ts":"2026-03-05T18:01:34.990Z","event":"dealing_tick","sessionId":"6jaf05p1","round":5,"declarations":0}
{"ts":"2026-03-05T18:01:35.199Z","event":"dealing_tick","sessionId":"6jaf05p1","round":6,"declarations":0}
{"ts":"2026-03-05T18:01:35.364Z","event":"dealing_tick","sessionId":"6jaf05p1","round":7,"declarations":0}
{"ts":"2026-03-05T18:01:35.533Z","event":"dealing_tick","sessionId":"6jaf05p1","round":8,"declarations":0}
{"ts":"2026-03-05T18:01:36.113Z","event":"dealing_tick","sessionId":"6jaf05p1","round":9,"declarations":0}
{"ts":"2026-03-05T18:01:36.291Z","event":"dealing_tick","sessionId":"6jaf05p1","round":10,"declarations":0}
{"ts":"2026-03-05T18:01:36.450Z","event":"dealing_tick","sessionId":"6jaf05p1","round":11,"declarations":0}
{"ts":"2026-03-05T18:01:36.623Z","event":"dealing_tick","sessionId":"6jaf05p1","round":12,"declarations":0}
{"ts":"2026-03-05T18:01:36.798Z","event":"dealing_tick","sessionId":"6jaf05p1","round":13,"declarations":0}
{"ts":"2026-03-05T18:01:36.965Z","event":"dealing_tick","sessionId":"6jaf05p1","round":14,"declarations":0}
{"ts":"2026-03-05T18:01:37.138Z","event":"dealing_tick","sessionId":"6jaf05p1","round":15,"declarations":0}
{"ts":"2026-03-05T18:01:37.300Z","event":"dealing_tick","sessionId":"6jaf05p1","round":16,"declarations":0}
{"ts":"2026-03-05T18:01:37.463Z","event":"dealing_tick","sessionId":"6jaf05p1","round":17,"declarations":0}
{"ts":"2026-03-05T18:01:37.639Z","event":"dealing_tick","sessionId":"6jaf05p1","round":18,"declarations":0}
{"ts":"2026-03-05T18:01:37.803Z","event":"dealing_tick","sessionId":"6jaf05p1","round":19,"declarations":0}
{"ts":"2026-03-05T18:01:37.985Z","event":"dealing_tick","sessionId":"6jaf05p1","round":20,"declarations":0}
{"ts":"2026-03-05T18:01:38.148Z","event":"dealing_tick","sessionId":"6jaf05p1","round":21,"declarations":0}
{"ts":"2026-03-05T18:01:38.309Z","event":"dealing_tick","sessionId":"6jaf05p1","round":22,"declarations":0}
{"ts":"2026-03-05T18:01:38.475Z","event":"dealing_tick","sessionId":"6jaf05p1","round":23,"declarations":0}
{"ts":"2026-03-05T18:01:38.633Z","event":"dealing_tick","sessionId":"6jaf05p1","round":24,"declarations":0}
{"ts":"2026-03-05T18:01:39.285Z","event":"dealing_tick","sessionId":"6jaf05p1","round":25,"declarations":0}
{"ts":"2026-03-05T18:01:39.447Z","event":"dealing_tick","sessionId":"6jaf05p1","round":26,"declarations":0}
{"ts":"2026-03-05T18:01:39.613Z","event":"dealing_tick","sessionId":"6jaf05p1","round":27,"declarations":0}
{"ts":"2026-03-05T18:01:39.788Z","event":"dealing_tick","sessionId":"6jaf05p1","round":28,"declarations":0}
{"ts":"2026-03-05T18:01:39.948Z","event":"dealing_tick","sessionId":"6jaf05p1","round":29,"declarations":0}
{"ts":"2026-03-05T18:01:40.125Z","event":"dealing_tick","sessionId":"6jaf05p1","round":30,"declarations":0}
{"ts":"2026-03-05T18:01:40.300Z","event":"dealing_tick","sessionId":"6jaf05p1","round":31,"declarations":0}
{"ts":"2026-03-05T18:01:40.462Z","event":"dealing_tick","sessionId":"6jaf05p1","round":32,"declarations":0}
{"ts":"2026-03-05T18:01:40.626Z","event":"dealing_tick","sessionId":"6jaf05p1","round":33,"declarations":0}
{"ts":"2026-03-05T18:01:40.783Z","event":"dealing_tick","sessionId":"6jaf05p1","round":34,"declarations":1}
{"ts":"2026-03-05T18:01:40.948Z","event":"dealing_tick","sessionId":"6jaf05p1","round":35,"declarations":0}
{"ts":"2026-03-05T18:01:41.127Z","event":"dealing_tick","sessionId":"6jaf05p1","round":36,"declarations":0}
{"ts":"2026-03-05T18:01:41.295Z","event":"dealing_tick","sessionId":"6jaf05p1","round":37,"declarations":0}
{"ts":"2026-03-05T18:01:41.463Z","event":"dealing_tick","sessionId":"6jaf05p1","round":38,"declarations":0}
{"ts":"2026-03-05T18:01:41.619Z","event":"dealing_tick","sessionId":"6jaf05p1","round":39,"declarations":0}
{"ts":"2026-03-05T18:01:41.622Z","event":"dealing_finished","sessionId":"6jaf05p1","phase":"play","dealer":"north","kittyHolder":"north"}
{"ts":"2026-03-05T18:01:41.799Z","event":"advance_play","sessionId":"6jaf05p1","currentTurn":"south","phase":"play","partial":2}
{"ts":"2026-03-05T18:05:02.809Z","event":"new_game","sessionId":"im58qtxw","mode":"grab","level":"2","dealer":"south"}
{"ts":"2026-03-05T18:05:04.425Z","event":"dealing_tick","sessionId":"im58qtxw","round":1,"declarations":0}
{"ts":"2026-03-05T18:05:04.925Z","event":"dealing_tick","sessionId":"im58qtxw","round":2,"declarations":1}
{"ts":"2026-03-05T18:05:05.422Z","event":"dealing_tick","sessionId":"im58qtxw","round":3,"declarations":0}
{"ts":"2026-03-05T18:05:05.925Z","event":"dealing_tick","sessionId":"im58qtxw","round":4,"declarations":0}
{"ts":"2026-03-05T18:05:06.424Z","event":"dealing_tick","sessionId":"im58qtxw","round":5,"declarations":0}
{"ts":"2026-03-05T18:05:06.927Z","event":"dealing_tick","sessionId":"im58qtxw","round":6,"declarations":0}
{"ts":"2026-03-05T18:05:07.428Z","event":"dealing_tick","sessionId":"im58qtxw","round":7,"declarations":0}
{"ts":"2026-03-05T18:05:07.924Z","event":"dealing_tick","sessionId":"im58qtxw","round":8,"declarations":0}
{"ts":"2026-03-05T18:05:08.436Z","event":"dealing_tick","sessionId":"im58qtxw","round":9,"declarations":1}
{"ts":"2026-03-05T18:05:08.921Z","event":"dealing_tick","sessionId":"im58qtxw","round":10,"declarations":0}
{"ts":"2026-03-05T18:05:09.425Z","event":"dealing_tick","sessionId":"im58qtxw","round":11,"declarations":0}
{"ts":"2026-03-05T18:05:09.931Z","event":"dealing_tick","sessionId":"im58qtxw","round":12,"declarations":0}
{"ts":"2026-03-05T18:05:10.423Z","event":"dealing_tick","sessionId":"im58qtxw","round":13,"declarations":0}
{"ts":"2026-03-05T18:05:10.922Z","event":"dealing_tick","sessionId":"im58qtxw","round":14,"declarations":0}
{"ts":"2026-03-05T18:05:11.423Z","event":"dealing_tick","sessionId":"im58qtxw","round":15,"declarations":0}
{"ts":"2026-03-05T18:05:11.924Z","event":"dealing_tick","sessionId":"im58qtxw","round":16,"declarations":0}
{"ts":"2026-03-05T18:05:12.424Z","event":"dealing_tick","sessionId":"im58qtxw","round":17,"declarations":0}
{"ts":"2026-03-05T18:05:12.924Z","event":"dealing_tick","sessionId":"im58qtxw","round":18,"declarations":0}
{"ts":"2026-03-05T18:05:13.431Z","event":"dealing_tick","sessionId":"im58qtxw","round":19,"declarations":0}
{"ts":"2026-03-05T18:05:13.922Z","event":"dealing_tick","sessionId":"im58qtxw","round":20,"declarations":0}
{"ts":"2026-03-05T18:05:14.427Z","event":"dealing_tick","sessionId":"im58qtxw","round":21,"declarations":0}
{"ts":"2026-03-05T18:05:14.933Z","event":"dealing_tick","sessionId":"im58qtxw","round":22,"declarations":0}
{"ts":"2026-03-05T18:05:15.425Z","event":"dealing_tick","sessionId":"im58qtxw","round":23,"declarations":0}
{"ts":"2026-03-05T18:05:15.924Z","event":"dealing_tick","sessionId":"im58qtxw","round":24,"declarations":0}
{"ts":"2026-03-05T18:05:16.421Z","event":"dealing_tick","sessionId":"im58qtxw","round":25,"declarations":0}
{"ts":"2026-03-05T18:05:16.922Z","event":"dealing_tick","sessionId":"im58qtxw","round":26,"declarations":0}
{"ts":"2026-03-05T18:05:17.423Z","event":"dealing_tick","sessionId":"im58qtxw","round":27,"declarations":0}
{"ts":"2026-03-05T18:05:17.923Z","event":"dealing_tick","sessionId":"im58qtxw","round":28,"declarations":0}
{"ts":"2026-03-05T18:05:18.424Z","event":"dealing_tick","sessionId":"im58qtxw","round":29,"declarations":0}
{"ts":"2026-03-05T18:05:18.920Z","event":"dealing_tick","sessionId":"im58qtxw","round":30,"declarations":0}
{"ts":"2026-03-05T18:05:19.422Z","event":"dealing_tick","sessionId":"im58qtxw","round":31,"declarations":0}
{"ts":"2026-03-05T18:05:19.925Z","event":"dealing_tick","sessionId":"im58qtxw","round":32,"declarations":0}
{"ts":"2026-03-05T18:05:20.425Z","event":"dealing_tick","sessionId":"im58qtxw","round":33,"declarations":0}
{"ts":"2026-03-05T18:05:20.924Z","event":"dealing_tick","sessionId":"im58qtxw","round":34,"declarations":0}
{"ts":"2026-03-05T18:05:21.424Z","event":"dealing_tick","sessionId":"im58qtxw","round":35,"declarations":0}
{"ts":"2026-03-05T18:05:21.922Z","event":"dealing_tick","sessionId":"im58qtxw","round":36,"declarations":0}
{"ts":"2026-03-05T18:05:22.426Z","event":"dealing_tick","sessionId":"im58qtxw","round":37,"declarations":0}
{"ts":"2026-03-05T18:05:22.921Z","event":"dealing_tick","sessionId":"im58qtxw","round":38,"declarations":0}
{"ts":"2026-03-05T18:05:23.427Z","event":"dealing_tick","sessionId":"im58qtxw","round":39,"declarations":0}
{"ts":"2026-03-05T18:05:23.428Z","event":"dealing_finished","sessionId":"im58qtxw","phase":"play","dealer":"west","kittyHolder":"west"}
{"ts":"2026-03-05T18:05:23.544Z","event":"advance_play","sessionId":"im58qtxw","currentTurn":"south","phase":"play","partial":1}
{"ts":"2026-03-05T18:05:23.663Z","event":"advance_play","sessionId":"im58qtxw","currentTurn":"south","phase":"play","partial":1}
{"ts":"2026-03-05T18:12:02.230Z","event":"new_game","sessionId":"lky29ag6","mode":"grab","level":"2","dealer":"south"}
{"ts":"2026-03-05T18:12:08.849Z","event":"dealing_tick","sessionId":"lky29ag6","round":1,"declarations":1}
{"ts":"2026-03-05T18:12:09.346Z","event":"dealing_tick","sessionId":"lky29ag6","round":2,"declarations":0}
{"ts":"2026-03-05T18:12:09.847Z","event":"dealing_tick","sessionId":"lky29ag6","round":3,"declarations":0}
{"ts":"2026-03-05T18:12:10.349Z","event":"dealing_tick","sessionId":"lky29ag6","round":4,"declarations":0}
{"ts":"2026-03-05T18:12:10.855Z","event":"dealing_tick","sessionId":"lky29ag6","round":5,"declarations":0}
{"ts":"2026-03-05T18:12:11.347Z","event":"dealing_tick","sessionId":"lky29ag6","round":6,"declarations":0}
{"ts":"2026-03-05T18:12:11.854Z","event":"dealing_tick","sessionId":"lky29ag6","round":7,"declarations":0}
{"ts":"2026-03-05T18:12:12.345Z","event":"dealing_tick","sessionId":"lky29ag6","round":8,"declarations":0}
{"ts":"2026-03-05T18:12:12.850Z","event":"dealing_tick","sessionId":"lky29ag6","round":9,"declarations":0}
{"ts":"2026-03-05T18:12:13.348Z","event":"dealing_tick","sessionId":"lky29ag6","round":10,"declarations":0}
{"ts":"2026-03-05T18:12:13.844Z","event":"dealing_tick","sessionId":"lky29ag6","round":11,"declarations":0}
{"ts":"2026-03-05T18:12:14.350Z","event":"dealing_tick","sessionId":"lky29ag6","round":12,"declarations":0}
{"ts":"2026-03-05T18:12:14.848Z","event":"dealing_tick","sessionId":"lky29ag6","round":13,"declarations":0}
{"ts":"2026-03-05T18:12:15.346Z","event":"dealing_tick","sessionId":"lky29ag6","round":14,"declarations":0}
{"ts":"2026-03-05T18:12:15.849Z","event":"dealing_tick","sessionId":"lky29ag6","round":15,"declarations":1}
{"ts":"2026-03-05T18:12:16.345Z","event":"dealing_tick","sessionId":"lky29ag6","round":16,"declarations":0}
{"ts":"2026-03-05T18:12:16.847Z","event":"dealing_tick","sessionId":"lky29ag6","round":17,"declarations":0}
{"ts":"2026-03-05T18:12:17.345Z","event":"dealing_tick","sessionId":"lky29ag6","round":18,"declarations":0}
{"ts":"2026-03-05T18:12:17.844Z","event":"dealing_tick","sessionId":"lky29ag6","round":19,"declarations":0}
{"ts":"2026-03-05T18:12:18.344Z","event":"dealing_tick","sessionId":"lky29ag6","round":20,"declarations":1}
{"ts":"2026-03-05T18:12:18.846Z","event":"dealing_tick","sessionId":"lky29ag6","round":21,"declarations":0}
{"ts":"2026-03-05T18:12:19.349Z","event":"dealing_tick","sessionId":"lky29ag6","round":22,"declarations":0}
{"ts":"2026-03-05T18:12:19.847Z","event":"dealing_tick","sessionId":"lky29ag6","round":23,"declarations":0}
{"ts":"2026-03-05T18:12:20.346Z","event":"dealing_tick","sessionId":"lky29ag6","round":24,"declarations":0}
{"ts":"2026-03-05T18:12:20.846Z","event":"dealing_tick","sessionId":"lky29ag6","round":25,"declarations":0}
{"ts":"2026-03-05T18:12:21.349Z","event":"dealing_tick","sessionId":"lky29ag6","round":26,"declarations":0}
{"ts":"2026-03-05T18:12:21.848Z","event":"dealing_tick","sessionId":"lky29ag6","round":27,"declarations":0}
{"ts":"2026-03-05T18:12:22.344Z","event":"dealing_tick","sessionId":"lky29ag6","round":28,"declarations":0}
{"ts":"2026-03-05T18:12:22.849Z","event":"dealing_tick","sessionId":"lky29ag6","round":29,"declarations":0}
{"ts":"2026-03-05T18:12:23.350Z","event":"dealing_tick","sessionId":"lky29ag6","round":30,"declarations":0}
{"ts":"2026-03-05T18:12:23.845Z","event":"dealing_tick","sessionId":"lky29ag6","round":31,"declarations":0}
{"ts":"2026-03-05T18:12:24.345Z","event":"dealing_tick","sessionId":"lky29ag6","round":32,"declarations":0}
{"ts":"2026-03-05T18:12:24.844Z","event":"dealing_tick","sessionId":"lky29ag6","round":33,"declarations":0}
{"ts":"2026-03-05T18:12:25.347Z","event":"dealing_tick","sessionId":"lky29ag6","round":34,"declarations":0}
{"ts":"2026-03-05T18:12:25.844Z","event":"dealing_tick","sessionId":"lky29ag6","round":35,"declarations":0}
{"ts":"2026-03-05T18:12:26.346Z","event":"dealing_tick","sessionId":"lky29ag6","round":36,"declarations":0}
{"ts":"2026-03-05T18:12:26.844Z","event":"dealing_tick","sessionId":"lky29ag6","round":37,"declarations":0}
{"ts":"2026-03-05T18:12:27.347Z","event":"dealing_tick","sessionId":"lky29ag6","round":38,"declarations":0}
{"ts":"2026-03-05T18:12:27.846Z","event":"dealing_tick","sessionId":"lky29ag6","round":39,"declarations":0}
{"ts":"2026-03-05T18:12:27.849Z","event":"dealing_finished","sessionId":"lky29ag6","phase":"play","dealer":"east","kittyHolder":"east"}
{"ts":"2026-03-05T18:12:27.960Z","event":"advance_play","sessionId":"lky29ag6","currentTurn":"south","phase":"play","partial":3}
{"ts":"2026-03-05T18:12:28.067Z","event":"advance_play","sessionId":"lky29ag6","currentTurn":"south","phase":"play","partial":3}
{"ts":"2026-03-05T18:13:30.401Z","event":"play_human","sessionId":"lky29ag6","cards":[51,159],"winner":"south","points":40,"phase":"play","currentTurn":"south"}
{"ts":"2026-03-05T18:14:29.824Z","event":"new_game","sessionId":"goz9m7un","mode":"grab","level":"2","dealer":"south"}
{"ts":"2026-03-05T18:14:29.984Z","event":"dealing_tick","sessionId":"goz9m7un","round":1,"declarations":0}
{"ts":"2026-03-05T18:14:30.151Z","event":"dealing_tick","sessionId":"goz9m7un","round":2,"declarations":0}
{"ts":"2026-03-05T18:14:30.542Z","event":"dealing_tick","sessionId":"goz9m7un","round":3,"declarations":0}
{"ts":"2026-03-05T18:14:30.767Z","event":"dealing_tick","sessionId":"goz9m7un","round":4,"declarations":0}
{"ts":"2026-03-05T18:14:30.983Z","event":"dealing_tick","sessionId":"goz9m7un","round":5,"declarations":0}
{"ts":"2026-03-05T18:14:31.145Z","event":"dealing_tick","sessionId":"goz9m7un","round":6,"declarations":0}
{"ts":"2026-03-05T18:14:31.375Z","event":"dealing_tick","sessionId":"goz9m7un","round":7,"declarations":0}
{"ts":"2026-03-05T18:14:31.534Z","event":"dealing_tick","sessionId":"goz9m7un","round":8,"declarations":1}
{"ts":"2026-03-05T18:14:31.700Z","event":"dealing_tick","sessionId":"goz9m7un","round":9,"declarations":0}
{"ts":"2026-03-05T18:14:31.865Z","event":"dealing_tick","sessionId":"goz9m7un","round":10,"declarations":0}
{"ts":"2026-03-05T18:14:32.025Z","event":"dealing_tick","sessionId":"goz9m7un","round":11,"declarations":0}
{"ts":"2026-03-05T18:14:32.193Z","event":"dealing_tick","sessionId":"goz9m7un","round":12,"declarations":0}
{"ts":"2026-03-05T18:14:32.361Z","event":"dealing_tick","sessionId":"goz9m7un","round":13,"declarations":0}
{"ts":"2026-03-05T18:14:32.530Z","event":"dealing_tick","sessionId":"goz9m7un","round":14,"declarations":1}
{"ts":"2026-03-05T18:14:32.697Z","event":"dealing_tick","sessionId":"goz9m7un","round":15,"declarations":0}
{"ts":"2026-03-05T18:14:32.868Z","event":"dealing_tick","sessionId":"goz9m7un","round":16,"declarations":0}
{"ts":"2026-03-05T18:14:33.041Z","event":"dealing_tick","sessionId":"goz9m7un","round":17,"declarations":0}
{"ts":"2026-03-05T18:14:33.203Z","event":"dealing_tick","sessionId":"goz9m7un","round":18,"declarations":0}
{"ts":"2026-03-05T18:14:33.368Z","event":"dealing_tick","sessionId":"goz9m7un","round":19,"declarations":0}
{"ts":"2026-03-05T18:14:33.527Z","event":"dealing_tick","sessionId":"goz9m7un","round":20,"declarations":0}
{"ts":"2026-03-05T18:14:33.689Z","event":"dealing_tick","sessionId":"goz9m7un","round":21,"declarations":0}
{"ts":"2026-03-05T18:14:33.849Z","event":"dealing_tick","sessionId":"goz9m7un","round":22,"declarations":0}
{"ts":"2026-03-05T18:14:34.022Z","event":"dealing_tick","sessionId":"goz9m7un","round":23,"declarations":0}
{"ts":"2026-03-05T18:14:34.276Z","event":"dealing_tick","sessionId":"goz9m7un","round":24,"declarations":0}
{"ts":"2026-03-05T18:14:34.853Z","event":"dealing_tick","sessionId":"goz9m7un","round":25,"declarations":0}
{"ts":"2026-03-05T18:14:35.030Z","event":"dealing_tick","sessionId":"goz9m7un","round":26,"declarations":0}
{"ts":"2026-03-05T18:14:35.483Z","event":"dealing_tick","sessionId":"goz9m7un","round":27,"declarations":0}
{"ts":"2026-03-05T18:14:35.708Z","event":"dealing_tick","sessionId":"goz9m7un","round":28,"declarations":0}
{"ts":"2026-03-05T18:14:35.874Z","event":"dealing_tick","sessionId":"goz9m7un","round":29,"declarations":0}
{"ts":"2026-03-05T18:14:36.032Z","event":"dealing_tick","sessionId":"goz9m7un","round":30,"declarations":0}
{"ts":"2026-03-05T18:14:36.190Z","event":"dealing_tick","sessionId":"goz9m7un","round":31,"declarations":0}
{"ts":"2026-03-05T18:14:36.356Z","event":"dealing_tick","sessionId":"goz9m7un","round":32,"declarations":0}
{"ts":"2026-03-05T18:14:36.522Z","event":"dealing_tick","sessionId":"goz9m7un","round":33,"declarations":0}
{"ts":"2026-03-05T18:14:36.690Z","event":"dealing_tick","sessionId":"goz9m7un","round":34,"declarations":0}
{"ts":"2026-03-05T18:14:36.859Z","event":"dealing_tick","sessionId":"goz9m7un","round":35,"declarations":1}
{"ts":"2026-03-05T18:14:37.032Z","event":"dealing_tick","sessionId":"goz9m7un","round":36,"declarations":0}
{"ts":"2026-03-05T18:14:37.200Z","event":"dealing_tick","sessionId":"goz9m7un","round":37,"declarations":0}
{"ts":"2026-03-05T18:14:37.371Z","event":"dealing_tick","sessionId":"goz9m7un","round":38,"declarations":0}
{"ts":"2026-03-05T18:14:37.536Z","event":"dealing_tick","sessionId":"goz9m7un","round":39,"declarations":0}
{"ts":"2026-03-05T18:14:37.537Z","event":"dealing_finished","sessionId":"goz9m7un","phase":"play","dealer":"north","kittyHolder":"north"}
{"ts":"2026-03-05T18:14:38.110Z","event":"advance_play","sessionId":"goz9m7un","currentTurn":"south","phase":"play","partial":2}
{"ts":"2026-03-05T18:18:37.345Z","event":"new_game","sessionId":"wm3vuwj8","mode":"grab","level":"2","dealer":"south"}
{"ts":"2026-03-05T18:18:39.045Z","event":"dealing_tick","sessionId":"wm3vuwj8","round":1,"declarations":0}
{"ts":"2026-03-05T18:18:39.194Z","event":"dealing_tick","sessionId":"wm3vuwj8","round":2,"declarations":1}
{"ts":"2026-03-05T18:18:39.326Z","event":"dealing_tick","sessionId":"wm3vuwj8","round":3,"declarations":0}
{"ts":"2026-03-05T18:18:39.461Z","event":"dealing_tick","sessionId":"wm3vuwj8","round":4,"declarations":0}
{"ts":"2026-03-05T18:18:39.612Z","event":"dealing_tick","sessionId":"wm3vuwj8","round":5,"declarations":0}
{"ts":"2026-03-05T18:18:39.743Z","event":"dealing_tick","sessionId":"wm3vuwj8","round":6,"declarations":0}
{"ts":"2026-03-05T18:18:39.874Z","event":"dealing_tick","sessionId":"wm3vuwj8","round":7,"declarations":0}
{"ts":"2026-03-05T18:18:40.026Z","event":"dealing_tick","sessionId":"wm3vuwj8","round":8,"declarations":0}
{"ts":"2026-03-05T18:18:40.176Z","event":"dealing_tick","sessionId":"wm3vuwj8","round":9,"declarations":0}
{"ts":"2026-03-05T18:18:40.328Z","event":"dealing_tick","sessionId":"wm3vuwj8","round":10,"declarations":0}
{"ts":"2026-03-05T18:18:40.478Z","event":"dealing_tick","sessionId":"wm3vuwj8","round":11,"declarations":0}
{"ts":"2026-03-05T18:18:40.652Z","event":"dealing_tick","sessionId":"wm3vuwj8","round":12,"declarations":0}
{"ts":"2026-03-05T18:18:40.792Z","event":"dealing_tick","sessionId":"wm3vuwj8","round":13,"declarations":0}
{"ts":"2026-03-05T18:18:40.943Z","event":"dealing_tick","sessionId":"wm3vuwj8","round":14,"declarations":0}
{"ts":"2026-03-05T18:18:41.093Z","event":"dealing_tick","sessionId":"wm3vuwj8","round":15,"declarations":0}
{"ts":"2026-03-05T18:18:41.261Z","event":"dealing_tick","sessionId":"wm3vuwj8","round":16,"declarations":0}
{"ts":"2026-03-05T18:18:41.410Z","event":"dealing_tick","sessionId":"wm3vuwj8","round":17,"declarations":0}
{"ts":"2026-03-05T18:18:41.575Z","event":"dealing_tick","sessionId":"wm3vuwj8","round":18,"declarations":0}
{"ts":"2026-03-05T18:18:41.736Z","event":"dealing_tick","sessionId":"wm3vuwj8","round":19,"declarations":0}
{"ts":"2026-03-05T18:18:41.877Z","event":"dealing_tick","sessionId":"wm3vuwj8","round":20,"declarations":0}
{"ts":"2026-03-05T18:18:42.048Z","event":"dealing_tick","sessionId":"wm3vuwj8","round":21,"declarations":0}
{"ts":"2026-03-05T18:18:42.213Z","event":"dealing_tick","sessionId":"wm3vuwj8","round":22,"declarations":0}
{"ts":"2026-03-05T18:18:42.380Z","event":"dealing_tick","sessionId":"wm3vuwj8","round":23,"declarations":0}
{"ts":"2026-03-05T18:18:42.543Z","event":"dealing_tick","sessionId":"wm3vuwj8","round":24,"declarations":0}
{"ts":"2026-03-05T18:18:42.695Z","event":"dealing_tick","sessionId":"wm3vuwj8","round":25,"declarations":0}
{"ts":"2026-03-05T18:18:42.862Z","event":"dealing_tick","sessionId":"wm3vuwj8","round":26,"declarations":0}
{"ts":"2026-03-05T18:18:43.016Z","event":"dealing_tick","sessionId":"wm3vuwj8","round":27,"declarations":0}
{"ts":"2026-03-05T18:18:43.180Z","event":"dealing_tick","sessionId":"wm3vuwj8","round":28,"declarations":0}
{"ts":"2026-03-05T18:18:43.345Z","event":"dealing_tick","sessionId":"wm3vuwj8","round":29,"declarations":0}
{"ts":"2026-03-05T18:18:43.495Z","event":"dealing_tick","sessionId":"wm3vuwj8","round":30,"declarations":0}
{"ts":"2026-03-05T18:18:43.678Z","event":"dealing_tick","sessionId":"wm3vuwj8","round":31,"declarations":0}
{"ts":"2026-03-05T18:18:43.846Z","event":"dealing_tick","sessionId":"wm3vuwj8","round":32,"declarations":0}
{"ts":"2026-03-05T18:18:43.996Z","event":"dealing_tick","sessionId":"wm3vuwj8","round":33,"declarations":0}
{"ts":"2026-03-05T18:18:44.161Z","event":"dealing_tick","sessionId":"wm3vuwj8","round":34,"declarations":0}
{"ts":"2026-03-05T18:18:44.327Z","event":"dealing_tick","sessionId":"wm3vuwj8","round":35,"declarations":0}
{"ts":"2026-03-05T18:18:44.496Z","event":"dealing_tick","sessionId":"wm3vuwj8","round":36,"declarations":0}
{"ts":"2026-03-05T18:18:44.663Z","event":"dealing_tick","sessionId":"wm3vuwj8","round":37,"declarations":0}
{"ts":"2026-03-05T18:18:44.836Z","event":"dealing_tick","sessionId":"wm3vuwj8","round":38,"declarations":0}
{"ts":"2026-03-05T18:18:44.995Z","event":"dealing_tick","sessionId":"wm3vuwj8","round":39,"declarations":0}
{"ts":"2026-03-05T18:18:44.998Z","event":"dealing_finished","sessionId":"wm3vuwj8","phase":"play","dealer":"east","kittyHolder":"east"}
{"ts":"2026-03-05T18:18:45.106Z","event":"advance_play","sessionId":"wm3vuwj8","currentTurn":"south","phase":"play","partial":3}
{"ts":"2026-03-05T18:18:45.204Z","event":"advance_play","sessionId":"wm3vuwj8","currentTurn":"south","phase":"play","partial":3}
{"ts":"2026-03-05T18:18:54.863Z","event":"play_human","sessionId":"wm3vuwj8","cards":[90,144],"winner":"west","points":20,"phase":"play","currentTurn":"south"}
{"ts":"2026-03-05T18:19:01.697Z","event":"play_human","sessionId":"wm3vuwj8","cards":[1,4,5],"winner":"west","points":10,"phase":"play","currentTurn":"south"}
{"ts":"2026-03-05T18:21:40.493Z","event":"play_human","sessionId":"wm3vuwj8","cards":[8,61,89,139,30,82],"winner":"west","points":50,"phase":"play","currentTurn":"south"}
{"ts":"2026-03-05T18:21:46.848Z","event":"play_human","sessionId":"wm3vuwj8","cards":[38,69],"winner":"west","points":10,"phase":"play","currentTurn":"south"}
{"ts":"2026-03-05T18:27:28.039Z","event":"new_game","sessionId":"98xt2dm5","mode":"grab","level":"2","dealer":"south"}
{"ts":"2026-03-05T18:27:29.756Z","event":"dealing_tick","sessionId":"98xt2dm5","round":1,"declarations":0}
{"ts":"2026-03-05T18:27:30.250Z","event":"dealing_tick","sessionId":"98xt2dm5","round":2,"declarations":0}
{"ts":"2026-03-05T18:27:30.749Z","event":"dealing_tick","sessionId":"98xt2dm5","round":3,"declarations":1}
{"ts":"2026-03-05T18:27:31.248Z","event":"dealing_tick","sessionId":"98xt2dm5","round":4,"declarations":0}
{"ts":"2026-03-05T18:27:31.755Z","event":"dealing_tick","sessionId":"98xt2dm5","round":5,"declarations":0}
{"ts":"2026-03-05T18:27:35.908Z","event":"new_game","sessionId":"l1pw6at0","mode":"grab","level":"2","dealer":"south"}
{"ts":"2026-03-05T18:27:38.591Z","event":"dealing_tick","sessionId":"l1pw6at0","round":1,"declarations":0}
{"ts":"2026-03-05T18:27:39.090Z","event":"dealing_tick","sessionId":"l1pw6at0","round":2,"declarations":0}
{"ts":"2026-03-05T18:27:39.604Z","event":"dealing_tick","sessionId":"l1pw6at0","round":3,"declarations":0}
{"ts":"2026-03-05T18:27:40.091Z","event":"dealing_tick","sessionId":"l1pw6at0","round":4,"declarations":0}
{"ts":"2026-03-05T18:27:41.409Z","event":"dealing_tick","sessionId":"l1pw6at0","round":5,"declarations":0}
{"ts":"2026-03-05T18:27:46.446Z","event":"dealing_tick","sessionId":"l1pw6at0","round":6,"declarations":0}
{"ts":"2026-03-05T18:27:50.054Z","event":"dealing_tick","sessionId":"l1pw6at0","round":7,"declarations":0}
{"ts":"2026-03-05T18:27:50.466Z","event":"dealing_tick","sessionId":"l1pw6at0","round":8,"declarations":0}
{"ts":"2026-03-05T18:27:53.077Z","event":"dealing_tick","sessionId":"l1pw6at0","round":9,"declarations":1}
{"ts":"2026-03-05T18:28:03.296Z","event":"dealing_tick","sessionId":"l1pw6at0","round":10,"declarations":0}
{"ts":"2026-03-05T18:28:12.533Z","event":"dealing_tick","sessionId":"l1pw6at0","round":11,"declarations":0}
{"ts":"2026-03-05T18:28:22.742Z","event":"dealing_tick","sessionId":"l1pw6at0","round":12,"declarations":0}
{"ts":"2026-03-05T18:28:32.989Z","event":"dealing_tick","sessionId":"l1pw6at0","round":13,"declarations":0}
{"ts":"2026-03-05T18:28:34.503Z","event":"dealing_tick","sessionId":"l1pw6at0","round":14,"declarations":0}
{"ts":"2026-03-05T18:28:44.683Z","event":"dealing_tick","sessionId":"l1pw6at0","round":15,"declarations":0}
{"ts":"2026-03-05T18:28:45.159Z","event":"dealing_tick","sessionId":"l1pw6at0","round":16,"declarations":0}
{"ts":"2026-03-05T18:28:45.597Z","event":"dealing_tick","sessionId":"l1pw6at0","round":17,"declarations":0}
{"ts":"2026-03-05T18:28:46.093Z","event":"dealing_tick","sessionId":"l1pw6at0","round":18,"declarations":0}
{"ts":"2026-03-05T18:28:46.592Z","event":"dealing_tick","sessionId":"l1pw6at0","round":19,"declarations":0}
{"ts":"2026-03-05T18:28:47.152Z","event":"dealing_tick","sessionId":"l1pw6at0","round":20,"declarations":0}
{"ts":"2026-03-05T18:28:47.589Z","event":"dealing_tick","sessionId":"l1pw6at0","round":21,"declarations":0}
{"ts":"2026-03-05T18:28:48.089Z","event":"dealing_tick","sessionId":"l1pw6at0","round":22,"declarations":0}
{"ts":"2026-03-05T18:28:48.586Z","event":"dealing_tick","sessionId":"l1pw6at0","round":23,"declarations":0}
{"ts":"2026-03-05T18:28:49.087Z","event":"dealing_tick","sessionId":"l1pw6at0","round":24,"declarations":0}
{"ts":"2026-03-05T18:28:49.587Z","event":"dealing_tick","sessionId":"l1pw6at0","round":25,"declarations":0}
{"ts":"2026-03-05T18:28:50.088Z","event":"dealing_tick","sessionId":"l1pw6at0","round":26,"declarations":0}
{"ts":"2026-03-05T18:28:50.588Z","event":"dealing_tick","sessionId":"l1pw6at0","round":27,"declarations":0}
{"ts":"2026-03-05T18:28:51.091Z","event":"dealing_tick","sessionId":"l1pw6at0","round":28,"declarations":0}
{"ts":"2026-03-05T18:28:51.588Z","event":"dealing_tick","sessionId":"l1pw6at0","round":29,"declarations":1}
{"ts":"2026-03-05T18:28:52.088Z","event":"dealing_tick","sessionId":"l1pw6at0","round":30,"declarations":0}
{"ts":"2026-03-05T18:28:52.587Z","event":"dealing_tick","sessionId":"l1pw6at0","round":31,"declarations":0}
{"ts":"2026-03-05T18:28:53.088Z","event":"dealing_tick","sessionId":"l1pw6at0","round":32,"declarations":0}
{"ts":"2026-03-05T18:28:53.589Z","event":"dealing_tick","sessionId":"l1pw6at0","round":33,"declarations":0}
{"ts":"2026-03-05T18:28:54.087Z","event":"dealing_tick","sessionId":"l1pw6at0","round":34,"declarations":0}
{"ts":"2026-03-05T18:28:54.586Z","event":"dealing_tick","sessionId":"l1pw6at0","round":35,"declarations":0}
{"ts":"2026-03-05T18:28:55.088Z","event":"dealing_tick","sessionId":"l1pw6at0","round":36,"declarations":0}
{"ts":"2026-03-05T18:28:55.587Z","event":"dealing_tick","sessionId":"l1pw6at0","round":37,"declarations":0}
{"ts":"2026-03-05T18:28:56.085Z","event":"dealing_tick","sessionId":"l1pw6at0","round":38,"declarations":0}
{"ts":"2026-03-05T18:28:56.586Z","event":"dealing_tick","sessionId":"l1pw6at0","round":39,"declarations":0}
{"ts":"2026-03-05T18:28:56.589Z","event":"dealing_finished","sessionId":"l1pw6at0","phase":"play","dealer":"east","kittyHolder":"east"}
{"ts":"2026-03-05T18:28:56.703Z","event":"advance_play","sessionId":"l1pw6at0","currentTurn":"south","phase":"play","partial":3,"waitingNextRound":false}
{"ts":"2026-03-05T18:28:56.807Z","event":"advance_play","sessionId":"l1pw6at0","currentTurn":"south","phase":"play","partial":3,"waitingNextRound":false}
{"ts":"2026-03-05T18:29:05.293Z","event":"play_human","sessionId":"l1pw6at0","cards":[36,144],"winner":"east","points":0,"phase":"play","currentTurn":"east"}
{"ts":"2026-03-05T18:29:23.072Z","event":"advance_play","sessionId":"l1pw6at0","currentTurn":"south","phase":"play","partial":3,"waitingNextRound":false}
{"ts":"2026-03-05T18:32:49.334Z","event":"new_game","sessionId":"f73gh4yx","mode":"grab","level":"2","dealer":"south"}
{"ts":"2026-03-05T18:32:50.449Z","event":"dealing_tick","sessionId":"f73gh4yx","round":1,"declarations":0}
{"ts":"2026-03-05T18:32:50.950Z","event":"dealing_tick","sessionId":"f73gh4yx","round":2,"declarations":1}
{"ts":"2026-03-05T18:32:51.450Z","event":"dealing_tick","sessionId":"f73gh4yx","round":3,"declarations":0}
{"ts":"2026-03-05T18:32:51.952Z","event":"dealing_tick","sessionId":"f73gh4yx","round":4,"declarations":0}
{"ts":"2026-03-05T18:32:52.450Z","event":"dealing_tick","sessionId":"f73gh4yx","round":5,"declarations":0}
{"ts":"2026-03-05T18:32:52.955Z","event":"dealing_tick","sessionId":"f73gh4yx","round":6,"declarations":0}
{"ts":"2026-03-05T18:32:53.454Z","event":"dealing_tick","sessionId":"f73gh4yx","round":7,"declarations":0}
{"ts":"2026-03-05T18:32:53.951Z","event":"dealing_tick","sessionId":"f73gh4yx","round":8,"declarations":0}
{"ts":"2026-03-05T18:32:54.448Z","event":"dealing_tick","sessionId":"f73gh4yx","round":9,"declarations":0}
{"ts":"2026-03-05T18:32:54.947Z","event":"dealing_tick","sessionId":"f73gh4yx","round":10,"declarations":0}
{"ts":"2026-03-05T18:32:55.449Z","event":"dealing_tick","sessionId":"f73gh4yx","round":11,"declarations":0}
{"ts":"2026-03-05T18:32:55.958Z","event":"dealing_tick","sessionId":"f73gh4yx","round":12,"declarations":1}
{"ts":"2026-03-05T18:32:56.450Z","event":"dealing_tick","sessionId":"f73gh4yx","round":13,"declarations":0}
{"ts":"2026-03-05T18:32:56.949Z","event":"dealing_tick","sessionId":"f73gh4yx","round":14,"declarations":0}
{"ts":"2026-03-05T18:32:57.449Z","event":"dealing_tick","sessionId":"f73gh4yx","round":15,"declarations":0}
{"ts":"2026-03-05T18:32:57.950Z","event":"dealing_tick","sessionId":"f73gh4yx","round":16,"declarations":0}
{"ts":"2026-03-05T18:32:58.447Z","event":"dealing_tick","sessionId":"f73gh4yx","round":17,"declarations":0}
{"ts":"2026-03-05T18:32:58.947Z","event":"dealing_tick","sessionId":"f73gh4yx","round":18,"declarations":0}
{"ts":"2026-03-05T18:32:59.450Z","event":"dealing_tick","sessionId":"f73gh4yx","round":19,"declarations":0}
{"ts":"2026-03-05T18:32:59.947Z","event":"dealing_tick","sessionId":"f73gh4yx","round":20,"declarations":0}
{"ts":"2026-03-05T18:33:00.452Z","event":"dealing_tick","sessionId":"f73gh4yx","round":21,"declarations":0}
{"ts":"2026-03-05T18:33:00.952Z","event":"dealing_tick","sessionId":"f73gh4yx","round":22,"declarations":0}
{"ts":"2026-03-05T18:33:01.457Z","event":"dealing_tick","sessionId":"f73gh4yx","round":23,"declarations":0}
{"ts":"2026-03-05T18:33:01.948Z","event":"dealing_tick","sessionId":"f73gh4yx","round":24,"declarations":0}
{"ts":"2026-03-05T18:33:02.447Z","event":"dealing_tick","sessionId":"f73gh4yx","round":25,"declarations":0}
{"ts":"2026-03-05T18:33:02.949Z","event":"dealing_tick","sessionId":"f73gh4yx","round":26,"declarations":1}
{"ts":"2026-03-05T18:33:03.449Z","event":"dealing_tick","sessionId":"f73gh4yx","round":27,"declarations":0}
{"ts":"2026-03-05T18:33:03.951Z","event":"dealing_tick","sessionId":"f73gh4yx","round":28,"declarations":0}
{"ts":"2026-03-05T18:33:04.451Z","event":"dealing_tick","sessionId":"f73gh4yx","round":29,"declarations":0}
{"ts":"2026-03-05T18:33:04.946Z","event":"dealing_tick","sessionId":"f73gh4yx","round":30,"declarations":0}
{"ts":"2026-03-05T18:33:05.447Z","event":"dealing_tick","sessionId":"f73gh4yx","round":31,"declarations":0}
{"ts":"2026-03-05T18:33:05.949Z","event":"dealing_tick","sessionId":"f73gh4yx","round":32,"declarations":0}
{"ts":"2026-03-05T18:33:06.447Z","event":"dealing_tick","sessionId":"f73gh4yx","round":33,"declarations":0}
{"ts":"2026-03-05T18:33:06.947Z","event":"dealing_tick","sessionId":"f73gh4yx","round":34,"declarations":0}
{"ts":"2026-03-05T18:33:07.446Z","event":"dealing_tick","sessionId":"f73gh4yx","round":35,"declarations":0}
{"ts":"2026-03-05T18:33:07.947Z","event":"dealing_tick","sessionId":"f73gh4yx","round":36,"declarations":0}
{"ts":"2026-03-05T18:33:08.446Z","event":"dealing_tick","sessionId":"f73gh4yx","round":37,"declarations":0}
{"ts":"2026-03-05T18:33:08.945Z","event":"dealing_tick","sessionId":"f73gh4yx","round":38,"declarations":0}
{"ts":"2026-03-05T18:33:09.447Z","event":"dealing_tick","sessionId":"f73gh4yx","round":39,"declarations":0}
{"ts":"2026-03-05T18:33:09.450Z","event":"dealing_finished","sessionId":"f73gh4yx","phase":"play","dealer":"north","kittyHolder":"north"}
{"ts":"2026-03-05T18:33:09.560Z","event":"advance_play","sessionId":"f73gh4yx","currentTurn":"south","phase":"play","partial":2,"waitingNextRound":false}
{"ts":"2026-03-05T18:33:09.666Z","event":"advance_play","sessionId":"f73gh4yx","currentTurn":"south","phase":"play","partial":2,"waitingNextRound":false}
{"ts":"2026-03-05T18:38:05.032Z","event":"new_game","sessionId":"co50wta5","mode":"grab","level":"2","dealer":"south"}
{"ts":"2026-03-05T18:38:06.683Z","event":"dealing_tick","sessionId":"co50wta5","round":1,"declarations":0}
{"ts":"2026-03-05T18:38:07.182Z","event":"dealing_tick","sessionId":"co50wta5","round":2,"declarations":0}
{"ts":"2026-03-05T18:38:07.683Z","event":"dealing_tick","sessionId":"co50wta5","round":3,"declarations":0}
{"ts":"2026-03-05T18:38:08.180Z","event":"dealing_tick","sessionId":"co50wta5","round":4,"declarations":0}
{"ts":"2026-03-05T18:38:08.683Z","event":"dealing_tick","sessionId":"co50wta5","round":5,"declarations":0}
{"ts":"2026-03-05T18:38:09.177Z","event":"dealing_tick","sessionId":"co50wta5","round":6,"declarations":0}
{"ts":"2026-03-05T18:38:09.678Z","event":"dealing_tick","sessionId":"co50wta5","round":7,"declarations":0}
{"ts":"2026-03-05T18:38:10.181Z","event":"dealing_tick","sessionId":"co50wta5","round":8,"declarations":0}
{"ts":"2026-03-05T18:38:10.681Z","event":"dealing_tick","sessionId":"co50wta5","round":9,"declarations":1}
{"ts":"2026-03-05T18:38:11.177Z","event":"dealing_tick","sessionId":"co50wta5","round":10,"declarations":0}
{"ts":"2026-03-05T18:38:11.682Z","event":"dealing_tick","sessionId":"co50wta5","round":11,"declarations":0}
{"ts":"2026-03-05T18:38:12.180Z","event":"dealing_tick","sessionId":"co50wta5","round":12,"declarations":0}
{"ts":"2026-03-05T18:38:12.678Z","event":"dealing_tick","sessionId":"co50wta5","round":13,"declarations":0}
{"ts":"2026-03-05T18:38:13.186Z","event":"dealing_tick","sessionId":"co50wta5","round":14,"declarations":0}
{"ts":"2026-03-05T18:38:13.679Z","event":"dealing_tick","sessionId":"co50wta5","round":15,"declarations":0}
{"ts":"2026-03-05T18:38:14.180Z","event":"dealing_tick","sessionId":"co50wta5","round":16,"declarations":0}
{"ts":"2026-03-05T18:38:14.696Z","event":"dealing_tick","sessionId":"co50wta5","round":17,"declarations":0}
{"ts":"2026-03-05T18:38:15.188Z","event":"dealing_tick","sessionId":"co50wta5","round":18,"declarations":0}
{"ts":"2026-03-05T18:38:15.688Z","event":"dealing_tick","sessionId":"co50wta5","round":19,"declarations":0}
{"ts":"2026-03-05T18:38:16.182Z","event":"dealing_tick","sessionId":"co50wta5","round":20,"declarations":0}
{"ts":"2026-03-05T18:38:16.682Z","event":"dealing_tick","sessionId":"co50wta5","round":21,"declarations":0}
{"ts":"2026-03-05T18:38:17.184Z","event":"dealing_tick","sessionId":"co50wta5","round":22,"declarations":0}
{"ts":"2026-03-05T18:38:17.678Z","event":"dealing_tick","sessionId":"co50wta5","round":23,"declarations":0}
{"ts":"2026-03-05T18:38:18.182Z","event":"dealing_tick","sessionId":"co50wta5","round":24,"declarations":0}
{"ts":"2026-03-05T18:38:18.682Z","event":"dealing_tick","sessionId":"co50wta5","round":25,"declarations":0}
{"ts":"2026-03-05T18:38:19.182Z","event":"dealing_tick","sessionId":"co50wta5","round":26,"declarations":0}
{"ts":"2026-03-05T18:38:19.735Z","event":"dealing_tick","sessionId":"co50wta5","round":27,"declarations":0}
{"ts":"2026-03-05T18:38:20.180Z","event":"dealing_tick","sessionId":"co50wta5","round":28,"declarations":0}
{"ts":"2026-03-05T18:38:20.684Z","event":"dealing_tick","sessionId":"co50wta5","round":29,"declarations":0}
{"ts":"2026-03-05T18:38:21.186Z","event":"dealing_tick","sessionId":"co50wta5","round":30,"declarations":0}
{"ts":"2026-03-05T18:38:21.685Z","event":"dealing_tick","sessionId":"co50wta5","round":31,"declarations":0}
{"ts":"2026-03-05T18:38:22.183Z","event":"dealing_tick","sessionId":"co50wta5","round":32,"declarations":0}
{"ts":"2026-03-05T18:38:22.679Z","event":"dealing_tick","sessionId":"co50wta5","round":33,"declarations":0}
{"ts":"2026-03-05T18:38:22.781Z","event":"dealing_tick","sessionId":"co50wta5","round":34,"declarations":0}
{"ts":"2026-03-05T18:38:22.925Z","event":"dealing_tick","sessionId":"co50wta5","round":35,"declarations":0}
{"ts":"2026-03-05T18:38:23.182Z","event":"dealing_tick","sessionId":"co50wta5","round":36,"declarations":0}
{"ts":"2026-03-05T18:38:23.275Z","event":"dealing_tick","sessionId":"co50wta5","round":37,"declarations":0}
{"ts":"2026-03-05T18:38:23.628Z","event":"dealing_tick","sessionId":"co50wta5","round":38,"declarations":0}
{"ts":"2026-03-05T18:38:23.721Z","event":"dealing_tick","sessionId":"co50wta5","round":39,"declarations":0}
{"ts":"2026-03-05T18:38:23.724Z","event":"dealing_finished","sessionId":"co50wta5","phase":"play","dealer":"east","kittyHolder":"east"}
{"ts":"2026-03-05T18:38:23.859Z","event":"advance_play","sessionId":"co50wta5","currentTurn":"south","phase":"play","partial":3,"waitingNextRound":false}
{"ts":"2026-03-05T18:38:23.966Z","event":"advance_play","sessionId":"co50wta5","currentTurn":"south","phase":"play","partial":3,"waitingNextRound":false}
{"ts":"2026-03-05T18:38:31.219Z","event":"play_human","sessionId":"co50wta5","cards":[1,55,59,64],"winner":"north","points":30,"phase":"play","currentTurn":"north"}
{"ts":"2026-03-05T18:38:31.328Z","event":"advance_play","sessionId":"co50wta5","currentTurn":"north","phase":"play","partial":0,"waitingNextRound":true}
{"ts":"2026-03-05T18:38:36.016Z","event":"advance_play","sessionId":"co50wta5","currentTurn":"south","phase":"play","partial":2,"waitingNextRound":false}
{"ts":"2026-03-05T18:38:53.844Z","event":"play_human","sessionId":"co50wta5","cards":[159,105],"winner":"south","points":10,"phase":"play","currentTurn":"south"}
{"ts":"2026-03-05T18:46:00.758Z","event":"new_game","sessionId":"3zxmzigr","mode":"grab","level":"2","dealer":"south"}
{"ts":"2026-03-05T18:46:02.193Z","event":"dealing_tick","sessionId":"3zxmzigr","round":1,"declarations":0}
{"ts":"2026-03-05T18:46:02.690Z","event":"dealing_tick","sessionId":"3zxmzigr","round":2,"declarations":0}
{"ts":"2026-03-05T18:46:03.188Z","event":"dealing_tick","sessionId":"3zxmzigr","round":3,"declarations":0}
{"ts":"2026-03-05T18:46:03.688Z","event":"dealing_tick","sessionId":"3zxmzigr","round":4,"declarations":0}
{"ts":"2026-03-05T18:46:04.190Z","event":"dealing_tick","sessionId":"3zxmzigr","round":5,"declarations":0}
{"ts":"2026-03-05T18:46:04.689Z","event":"dealing_tick","sessionId":"3zxmzigr","round":6,"declarations":0}
{"ts":"2026-03-05T18:46:05.189Z","event":"dealing_tick","sessionId":"3zxmzigr","round":7,"declarations":0}
{"ts":"2026-03-05T18:46:05.690Z","event":"dealing_tick","sessionId":"3zxmzigr","round":8,"declarations":0}
{"ts":"2026-03-05T18:46:06.190Z","event":"dealing_tick","sessionId":"3zxmzigr","round":9,"declarations":0}
{"ts":"2026-03-05T18:46:06.687Z","event":"dealing_tick","sessionId":"3zxmzigr","round":10,"declarations":0}
{"ts":"2026-03-05T18:46:07.187Z","event":"dealing_tick","sessionId":"3zxmzigr","round":11,"declarations":0}
{"ts":"2026-03-05T18:46:07.694Z","event":"dealing_tick","sessionId":"3zxmzigr","round":12,"declarations":0}
{"ts":"2026-03-05T18:46:08.196Z","event":"dealing_tick","sessionId":"3zxmzigr","round":13,"declarations":1}
{"ts":"2026-03-05T18:46:08.687Z","event":"dealing_tick","sessionId":"3zxmzigr","round":14,"declarations":0}
{"ts":"2026-03-05T18:46:09.189Z","event":"dealing_tick","sessionId":"3zxmzigr","round":15,"declarations":0}
{"ts":"2026-03-05T18:46:09.686Z","event":"dealing_tick","sessionId":"3zxmzigr","round":16,"declarations":0}
{"ts":"2026-03-05T18:46:10.189Z","event":"dealing_tick","sessionId":"3zxmzigr","round":17,"declarations":0}
{"ts":"2026-03-05T18:46:10.687Z","event":"dealing_tick","sessionId":"3zxmzigr","round":18,"declarations":0}
{"ts":"2026-03-05T18:46:11.236Z","event":"dealing_tick","sessionId":"3zxmzigr","round":19,"declarations":0}
{"ts":"2026-03-05T18:46:12.499Z","event":"dealing_tick","sessionId":"3zxmzigr","round":20,"declarations":0}
{"ts":"2026-03-05T18:46:22.706Z","event":"dealing_tick","sessionId":"3zxmzigr","round":21,"declarations":0}
{"ts":"2026-03-05T18:46:25.581Z","event":"dealing_tick","sessionId":"3zxmzigr","round":22,"declarations":0}
{"ts":"2026-03-05T18:46:26.574Z","event":"dealing_tick","sessionId":"3zxmzigr","round":23,"declarations":0}
{"ts":"2026-03-05T18:46:28.991Z","event":"dealing_tick","sessionId":"3zxmzigr","round":24,"declarations":0}
{"ts":"2026-03-05T18:46:30.191Z","event":"dealing_tick","sessionId":"3zxmzigr","round":25,"declarations":0}
{"ts":"2026-03-05T18:46:31.237Z","event":"dealing_tick","sessionId":"3zxmzigr","round":26,"declarations":0}
{"ts":"2026-03-05T18:46:41.502Z","event":"dealing_tick","sessionId":"3zxmzigr","round":27,"declarations":0}
{"ts":"2026-03-05T18:46:46.698Z","event":"dealing_tick","sessionId":"3zxmzigr","round":28,"declarations":0}
{"ts":"2026-03-05T18:46:47.811Z","event":"dealing_tick","sessionId":"3zxmzigr","round":29,"declarations":0}
{"ts":"2026-03-05T18:46:48.730Z","event":"dealing_tick","sessionId":"3zxmzigr","round":30,"declarations":0}
{"ts":"2026-03-05T18:46:49.356Z","event":"dealing_tick","sessionId":"3zxmzigr","round":31,"declarations":0}
{"ts":"2026-03-05T18:46:58.581Z","event":"dealing_tick","sessionId":"3zxmzigr","round":32,"declarations":0}
{"ts":"2026-03-05T18:47:08.793Z","event":"dealing_tick","sessionId":"3zxmzigr","round":33,"declarations":0}
{"ts":"2026-03-05T18:47:12.506Z","event":"dealing_tick","sessionId":"3zxmzigr","round":34,"declarations":0}
{"ts":"2026-03-05T18:48:12.666Z","event":"dealing_tick","sessionId":"3zxmzigr","round":35,"declarations":0}
{"ts":"2026-03-05T18:49:43.291Z","event":"dealing_tick","sessionId":"3zxmzigr","round":36,"declarations":0}
{"ts":"2026-03-05T18:50:04.417Z","event":"dealing_tick","sessionId":"3zxmzigr","round":37,"declarations":0}
{"ts":"2026-03-05T18:50:35.545Z","event":"dealing_tick","sessionId":"3zxmzigr","round":38,"declarations":0}
{"ts":"2026-03-05T18:50:35.697Z","event":"dealing_tick","sessionId":"3zxmzigr","round":39,"declarations":0}
{"ts":"2026-03-05T18:50:35.700Z","event":"dealing_finished","sessionId":"3zxmzigr","phase":"play","dealer":"north","kittyHolder":"north"}
{"ts":"2026-03-05T18:50:35.846Z","event":"advance_play","sessionId":"3zxmzigr","currentTurn":"south","phase":"play","partial":2,"waitingNextRound":false}
{"ts":"2026-03-05T18:50:35.972Z","event":"advance_play","sessionId":"3zxmzigr","currentTurn":"south","phase":"play","partial":2,"waitingNextRound":false}
{"ts":"2026-03-05T18:59:39.521Z","event":"new_game","sessionId":"56bqyadd","mode":"grab","level":"2","dealer":"south"}
{"ts":"2026-03-05T18:59:43.375Z","event":"dealing_tick","sessionId":"56bqyadd","round":1,"declarations":0}
{"ts":"2026-03-05T18:59:43.875Z","event":"dealing_tick","sessionId":"56bqyadd","round":2,"declarations":1}
{"ts":"2026-03-05T18:59:44.366Z","event":"dealing_tick","sessionId":"56bqyadd","round":3,"declarations":0}
{"ts":"2026-03-05T18:59:45.351Z","event":"dealing_tick","sessionId":"56bqyadd","round":4,"declarations":0}
{"ts":"2026-03-05T18:59:46.448Z","event":"dealing_tick","sessionId":"56bqyadd","round":5,"declarations":0}
{"ts":"2026-03-05T18:59:48.076Z","event":"dealing_tick","sessionId":"56bqyadd","round":6,"declarations":0}
{"ts":"2026-03-05T18:59:49.407Z","event":"dealing_tick","sessionId":"56bqyadd","round":7,"declarations":0}
{"ts":"2026-03-05T18:59:56.099Z","event":"dealing_tick","sessionId":"56bqyadd","round":8,"declarations":0}
{"ts":"2026-03-05T19:00:06.317Z","event":"dealing_tick","sessionId":"56bqyadd","round":9,"declarations":0}
{"ts":"2026-03-05T19:00:12.512Z","event":"dealing_tick","sessionId":"56bqyadd","round":10,"declarations":0}
{"ts":"2026-03-05T19:00:14.044Z","event":"dealing_tick","sessionId":"56bqyadd","round":11,"declarations":0}
{"ts":"2026-03-05T19:00:15.246Z","event":"dealing_tick","sessionId":"56bqyadd","round":12,"declarations":0}
{"ts":"2026-03-05T19:00:23.084Z","event":"dealing_tick","sessionId":"56bqyadd","round":13,"declarations":0}
{"ts":"2026-03-05T19:00:24.239Z","event":"dealing_tick","sessionId":"56bqyadd","round":14,"declarations":0}
{"ts":"2026-03-05T19:00:29.937Z","event":"dealing_tick","sessionId":"56bqyadd","round":15,"declarations":0}
{"ts":"2026-03-05T19:00:31.244Z","event":"dealing_tick","sessionId":"56bqyadd","round":16,"declarations":0}
{"ts":"2026-03-05T19:00:36.890Z","event":"dealing_tick","sessionId":"56bqyadd","round":17,"declarations":0}
{"ts":"2026-03-05T19:00:40.349Z","event":"dealing_tick","sessionId":"56bqyadd","round":18,"declarations":0}
{"ts":"2026-03-05T19:00:41.239Z","event":"dealing_tick","sessionId":"56bqyadd","round":19,"declarations":0}
{"ts":"2026-03-05T19:00:51.494Z","event":"dealing_tick","sessionId":"56bqyadd","round":20,"declarations":0}
{"ts":"2026-03-05T19:01:12.552Z","event":"dealing_tick","sessionId":"56bqyadd","round":21,"declarations":0}
{"ts":"2026-03-05T19:02:04.353Z","event":"dealing_tick","sessionId":"56bqyadd","round":22,"declarations":0}
{"ts":"2026-03-05T19:03:12.692Z","event":"dealing_tick","sessionId":"56bqyadd","round":23,"declarations":0}
{"ts":"2026-03-05T19:04:04.378Z","event":"dealing_tick","sessionId":"56bqyadd","round":24,"declarations":0}
{"ts":"2026-03-05T19:05:04.316Z","event":"dealing_tick","sessionId":"56bqyadd","round":25,"declarations":0}
{"ts":"2026-03-05T19:06:04.338Z","event":"dealing_tick","sessionId":"56bqyadd","round":26,"declarations":0}
{"ts":"2026-03-05T19:07:04.298Z","event":"dealing_tick","sessionId":"56bqyadd","round":27,"declarations":0}
{"ts":"2026-03-05T19:08:38.823Z","event":"dealing_tick","sessionId":"56bqyadd","round":28,"declarations":0}
{"ts":"2026-03-05T19:10:04.298Z","event":"dealing_tick","sessionId":"56bqyadd","round":29,"declarations":0}
{"ts":"2026-03-05T19:11:04.404Z","event":"dealing_tick","sessionId":"56bqyadd","round":30,"declarations":0}
{"ts":"2026-03-05T19:12:12.671Z","event":"dealing_tick","sessionId":"56bqyadd","round":31,"declarations":0}
{"ts":"2026-03-05T19:12:33.739Z","event":"dealing_tick","sessionId":"56bqyadd","round":32,"declarations":0}
{"ts":"2026-03-05T19:12:33.866Z","event":"dealing_tick","sessionId":"56bqyadd","round":33,"declarations":0}
{"ts":"2026-03-05T19:12:34.906Z","event":"dealing_tick","sessionId":"56bqyadd","round":34,"declarations":0}
{"ts":"2026-03-05T19:12:35.372Z","event":"dealing_tick","sessionId":"56bqyadd","round":35,"declarations":0}
{"ts":"2026-03-05T19:12:35.867Z","event":"dealing_tick","sessionId":"56bqyadd","round":36,"declarations":0}
{"ts":"2026-03-05T19:12:36.369Z","event":"dealing_tick","sessionId":"56bqyadd","round":37,"declarations":0}
{"ts":"2026-03-05T19:12:36.865Z","event":"dealing_tick","sessionId":"56bqyadd","round":38,"declarations":0}
{"ts":"2026-03-05T19:12:37.408Z","event":"dealing_tick","sessionId":"56bqyadd","round":39,"declarations":0}
{"ts":"2026-03-05T19:12:37.408Z","event":"dealing_finished","sessionId":"56bqyadd","phase":"kitty","dealer":"south","kittyHolder":"south"}
{"ts":"2026-03-05T19:13:15.043Z","event":"advance_play","sessionId":"56bqyadd","currentTurn":"south","phase":"play","partial":0,"waitingNextRound":false}
{"ts":"2026-03-05T19:13:15.145Z","event":"advance_play","sessionId":"56bqyadd","currentTurn":"south","phase":"play","partial":0,"waitingNextRound":false}
{"ts":"2026-03-05T19:13:22.221Z","event":"run_play_done","sessionId":"56bqyadd","round":39,"dealer":"south"}
{"ts":"2026-03-05T19:13:30.833Z","event":"new_game","sessionId":"fa4ev32j","mode":"grab","level":"2","dealer":"south"}
{"ts":"2026-03-05T19:13:33.777Z","event":"dealing_tick","sessionId":"fa4ev32j","round":1,"declarations":0}
{"ts":"2026-03-05T19:13:34.286Z","event":"dealing_tick","sessionId":"fa4ev32j","round":2,"declarations":0}
{"ts":"2026-03-05T19:13:34.781Z","event":"dealing_tick","sessionId":"fa4ev32j","round":3,"declarations":0}
{"ts":"2026-03-05T19:13:35.275Z","event":"dealing_tick","sessionId":"fa4ev32j","round":4,"declarations":0}
{"ts":"2026-03-05T19:13:35.774Z","event":"dealing_tick","sessionId":"fa4ev32j","round":5,"declarations":1}
{"ts":"2026-03-05T19:13:36.279Z","event":"dealing_tick","sessionId":"fa4ev32j","round":6,"declarations":0}
{"ts":"2026-03-05T19:13:36.777Z","event":"dealing_tick","sessionId":"fa4ev32j","round":7,"declarations":0}
{"ts":"2026-03-05T19:13:37.278Z","event":"dealing_tick","sessionId":"fa4ev32j","round":8,"declarations":0}
{"ts":"2026-03-05T19:13:37.777Z","event":"dealing_tick","sessionId":"fa4ev32j","round":9,"declarations":0}
{"ts":"2026-03-05T19:13:38.282Z","event":"dealing_tick","sessionId":"fa4ev32j","round":10,"declarations":0}
{"ts":"2026-03-05T19:13:38.782Z","event":"dealing_tick","sessionId":"fa4ev32j","round":11,"declarations":1}
{"ts":"2026-03-05T19:13:39.274Z","event":"dealing_tick","sessionId":"fa4ev32j","round":12,"declarations":0}
{"ts":"2026-03-05T19:13:39.778Z","event":"dealing_tick","sessionId":"fa4ev32j","round":13,"declarations":0}
{"ts":"2026-03-05T19:13:40.275Z","event":"dealing_tick","sessionId":"fa4ev32j","round":14,"declarations":0}
{"ts":"2026-03-05T19:13:40.775Z","event":"dealing_tick","sessionId":"fa4ev32j","round":15,"declarations":0}
{"ts":"2026-03-05T19:13:41.276Z","event":"dealing_tick","sessionId":"fa4ev32j","round":16,"declarations":0}
{"ts":"2026-03-05T19:13:41.784Z","event":"dealing_tick","sessionId":"fa4ev32j","round":17,"declarations":0}
{"ts":"2026-03-05T19:13:42.725Z","event":"dealing_tick","sessionId":"fa4ev32j","round":18,"declarations":0}
{"ts":"2026-03-05T19:13:42.816Z","event":"dealing_tick","sessionId":"fa4ev32j","round":19,"declarations":0}
{"ts":"2026-03-05T19:13:43.274Z","event":"dealing_tick","sessionId":"fa4ev32j","round":20,"declarations":0}
{"ts":"2026-03-05T19:13:43.775Z","event":"dealing_tick","sessionId":"fa4ev32j","round":21,"declarations":0}
{"ts":"2026-03-05T19:13:44.274Z","event":"dealing_tick","sessionId":"fa4ev32j","round":22,"declarations":0}
{"ts":"2026-03-05T19:13:44.775Z","event":"dealing_tick","sessionId":"fa4ev32j","round":23,"declarations":0}
{"ts":"2026-03-05T19:13:45.276Z","event":"dealing_tick","sessionId":"fa4ev32j","round":24,"declarations":0}
{"ts":"2026-03-05T19:13:45.777Z","event":"dealing_tick","sessionId":"fa4ev32j","round":25,"declarations":0}
{"ts":"2026-03-05T19:13:46.275Z","event":"dealing_tick","sessionId":"fa4ev32j","round":26,"declarations":0}
{"ts":"2026-03-05T19:13:46.775Z","event":"dealing_tick","sessionId":"fa4ev32j","round":27,"declarations":0}
{"ts":"2026-03-05T19:13:47.274Z","event":"dealing_tick","sessionId":"fa4ev32j","round":28,"declarations":0}
{"ts":"2026-03-05T19:13:47.776Z","event":"dealing_tick","sessionId":"fa4ev32j","round":29,"declarations":1}
{"ts":"2026-03-05T19:13:48.277Z","event":"dealing_tick","sessionId":"fa4ev32j","round":30,"declarations":0}
{"ts":"2026-03-05T19:13:48.773Z","event":"dealing_tick","sessionId":"fa4ev32j","round":31,"declarations":0}
{"ts":"2026-03-05T19:13:49.275Z","event":"dealing_tick","sessionId":"fa4ev32j","round":32,"declarations":0}
{"ts":"2026-03-05T19:13:49.775Z","event":"dealing_tick","sessionId":"fa4ev32j","round":33,"declarations":0}
{"ts":"2026-03-05T19:13:50.276Z","event":"dealing_tick","sessionId":"fa4ev32j","round":34,"declarations":0}
{"ts":"2026-03-05T19:13:50.779Z","event":"dealing_tick","sessionId":"fa4ev32j","round":35,"declarations":0}
{"ts":"2026-03-05T19:13:51.275Z","event":"dealing_tick","sessionId":"fa4ev32j","round":36,"declarations":0}
{"ts":"2026-03-05T19:13:51.776Z","event":"dealing_tick","sessionId":"fa4ev32j","round":37,"declarations":0}
{"ts":"2026-03-05T19:13:52.274Z","event":"dealing_tick","sessionId":"fa4ev32j","round":38,"declarations":0}
{"ts":"2026-03-05T19:13:52.776Z","event":"dealing_tick","sessionId":"fa4ev32j","round":39,"declarations":0}
{"ts":"2026-03-05T19:13:52.778Z","event":"dealing_finished","sessionId":"fa4ev32j","phase":"play","dealer":"east","kittyHolder":"east"}
{"ts":"2026-03-05T19:13:52.888Z","event":"advance_play","sessionId":"fa4ev32j","currentTurn":"south","phase":"play","partial":3,"waitingNextRound":false}
{"ts":"2026-03-05T19:13:52.986Z","event":"advance_play","sessionId":"fa4ev32j","currentTurn":"south","phase":"play","partial":3,"waitingNextRound":false}
{"ts":"2026-03-05T19:14:03.716Z","event":"play_human","sessionId":"fa4ev32j","cards":[151,97,99],"winner":"east","points":0,"phase":"play","currentTurn":"east"}
{"ts":"2026-03-05T19:14:03.817Z","event":"advance_play","sessionId":"fa4ev32j","currentTurn":"east","phase":"play","partial":0,"waitingNextRound":true}
{"ts":"2026-03-05T19:14:06.041Z","event":"advance_play","sessionId":"fa4ev32j","currentTurn":"south","phase":"play","partial":3,"waitingNextRound":false}
{"ts":"2026-03-05T19:59:25.524Z","event":"new_game","sessionId":"gfnx8308","mode":"grab","level":"2","dealer":"south"}
{"ts":"2026-03-05T19:59:27.058Z","event":"dealing_tick","sessionId":"gfnx8308","round":1,"declarations":1}
{"ts":"2026-03-05T19:59:28.214Z","event":"dealing_tick","sessionId":"gfnx8308","round":2,"declarations":0}
{"ts":"2026-03-05T19:59:30.500Z","event":"dealing_tick","sessionId":"gfnx8308","round":3,"declarations":0}
{"ts":"2026-03-05T19:59:31.263Z","event":"dealing_tick","sessionId":"gfnx8308","round":4,"declarations":0}
{"ts":"2026-03-05T19:59:32.218Z","event":"dealing_tick","sessionId":"gfnx8308","round":5,"declarations":0}
{"ts":"2026-03-05T19:59:42.265Z","event":"dealing_tick","sessionId":"gfnx8308","round":6,"declarations":0}
{"ts":"2026-03-05T19:59:46.455Z","event":"dealing_tick","sessionId":"gfnx8308","round":7,"declarations":0}
{"ts":"2026-03-05T19:59:49.142Z","event":"dealing_tick","sessionId":"gfnx8308","round":8,"declarations":0}
{"ts":"2026-03-05T19:59:51.030Z","event":"dealing_tick","sessionId":"gfnx8308","round":9,"declarations":0}
{"ts":"2026-03-05T19:59:52.132Z","event":"dealing_tick","sessionId":"gfnx8308","round":10,"declarations":1}
{"ts":"2026-03-05T19:59:53.278Z","event":"dealing_tick","sessionId":"gfnx8308","round":11,"declarations":0}
{"ts":"2026-03-05T20:00:03.554Z","event":"dealing_tick","sessionId":"gfnx8308","round":12,"declarations":0}
{"ts":"2026-03-05T20:00:12.540Z","event":"dealing_tick","sessionId":"gfnx8308","round":13,"declarations":0}
{"ts":"2026-03-05T20:00:14.183Z","event":"dealing_tick","sessionId":"gfnx8308","round":14,"declarations":0}
{"ts":"2026-03-05T20:00:16.431Z","event":"dealing_tick","sessionId":"gfnx8308","round":15,"declarations":0}
{"ts":"2026-03-05T20:00:24.834Z","event":"dealing_tick","sessionId":"gfnx8308","round":16,"declarations":0}
{"ts":"2026-03-05T20:00:25.933Z","event":"dealing_tick","sessionId":"gfnx8308","round":17,"declarations":0}
{"ts":"2026-03-05T20:00:26.448Z","event":"dealing_tick","sessionId":"gfnx8308","round":18,"declarations":0}
{"ts":"2026-03-05T20:00:35.104Z","event":"dealing_tick","sessionId":"gfnx8308","round":19,"declarations":0}
{"ts":"2026-03-05T20:01:04.424Z","event":"dealing_tick","sessionId":"gfnx8308","round":20,"declarations":0}
{"ts":"2026-03-05T20:01:36.484Z","event":"dealing_tick","sessionId":"gfnx8308","round":21,"declarations":0}
{"ts":"2026-03-05T20:01:36.589Z","event":"dealing_tick","sessionId":"gfnx8308","round":22,"declarations":0}
{"ts":"2026-03-05T20:01:37.051Z","event":"dealing_tick","sessionId":"gfnx8308","round":23,"declarations":1}
{"ts":"2026-03-05T20:01:37.556Z","event":"dealing_tick","sessionId":"gfnx8308","round":24,"declarations":0}
{"ts":"2026-03-05T20:01:38.049Z","event":"dealing_tick","sessionId":"gfnx8308","round":25,"declarations":0}
{"ts":"2026-03-05T20:01:39.211Z","event":"dealing_tick","sessionId":"gfnx8308","round":26,"declarations":0}
{"ts":"2026-03-05T20:01:39.712Z","event":"dealing_tick","sessionId":"gfnx8308","round":27,"declarations":0}
{"ts":"2026-03-05T20:01:40.050Z","event":"dealing_tick","sessionId":"gfnx8308","round":28,"declarations":0}
{"ts":"2026-03-05T20:01:40.549Z","event":"dealing_tick","sessionId":"gfnx8308","round":29,"declarations":0}
{"ts":"2026-03-05T20:01:41.051Z","event":"dealing_tick","sessionId":"gfnx8308","round":30,"declarations":0}
{"ts":"2026-03-05T20:01:41.550Z","event":"dealing_tick","sessionId":"gfnx8308","round":31,"declarations":0}
{"ts":"2026-03-05T20:01:42.049Z","event":"dealing_tick","sessionId":"gfnx8308","round":32,"declarations":0}
{"ts":"2026-03-05T20:01:42.550Z","event":"dealing_tick","sessionId":"gfnx8308","round":33,"declarations":0}
{"ts":"2026-03-05T20:01:43.050Z","event":"dealing_tick","sessionId":"gfnx8308","round":34,"declarations":0}
{"ts":"2026-03-05T20:01:43.548Z","event":"dealing_tick","sessionId":"gfnx8308","round":35,"declarations":0}
{"ts":"2026-03-05T20:01:44.052Z","event":"dealing_tick","sessionId":"gfnx8308","round":36,"declarations":0}
{"ts":"2026-03-05T20:01:44.562Z","event":"dealing_tick","sessionId":"gfnx8308","round":37,"declarations":0}
{"ts":"2026-03-05T20:01:45.049Z","event":"dealing_tick","sessionId":"gfnx8308","round":38,"declarations":0}
{"ts":"2026-03-05T20:01:45.553Z","event":"dealing_tick","sessionId":"gfnx8308","round":39,"declarations":0}
{"ts":"2026-03-05T20:01:45.554Z","event":"dealing_finished","sessionId":"gfnx8308","phase":"kitty","dealer":"south","kittyHolder":"south"}
{"ts":"2026-03-05T21:19:31.771Z","event":"advance_play","sessionId":"gfnx8308","currentTurn":"south","phase":"play","partial":0,"waitingNextRound":false}
{"ts":"2026-03-05T21:19:31.879Z","event":"advance_play","sessionId":"gfnx8308","currentTurn":"south","phase":"play","partial":0,"waitingNextRound":false}
{"ts":"2026-03-05T22:13:16.932Z","event":"new_game","sessionId":"293o6b2a","mode":"grab","level":"2","dealer":"south"}
{"ts":"2026-03-05T22:13:18.797Z","event":"dealing_tick","sessionId":"293o6b2a","round":1,"declarations":0}
{"ts":"2026-03-05T22:13:19.296Z","event":"dealing_tick","sessionId":"293o6b2a","round":2,"declarations":0}
{"ts":"2026-03-05T22:13:19.799Z","event":"dealing_tick","sessionId":"293o6b2a","round":3,"declarations":1}
{"ts":"2026-03-05T22:13:20.299Z","event":"dealing_tick","sessionId":"293o6b2a","round":4,"declarations":0}
{"ts":"2026-03-05T22:13:20.804Z","event":"dealing_tick","sessionId":"293o6b2a","round":5,"declarations":0}
{"ts":"2026-03-05T22:13:21.303Z","event":"dealing_tick","sessionId":"293o6b2a","round":6,"declarations":0}
{"ts":"2026-03-05T22:13:21.799Z","event":"dealing_tick","sessionId":"293o6b2a","round":7,"declarations":0}
{"ts":"2026-03-05T22:13:22.327Z","event":"dealing_tick","sessionId":"293o6b2a","round":8,"declarations":0}
{"ts":"2026-03-05T22:13:22.799Z","event":"dealing_tick","sessionId":"293o6b2a","round":9,"declarations":0}
{"ts":"2026-03-05T22:13:23.307Z","event":"dealing_tick","sessionId":"293o6b2a","round":10,"declarations":0}
{"ts":"2026-03-05T22:13:23.804Z","event":"dealing_tick","sessionId":"293o6b2a","round":11,"declarations":0}
{"ts":"2026-03-05T22:13:24.306Z","event":"dealing_tick","sessionId":"293o6b2a","round":12,"declarations":0}
{"ts":"2026-03-05T22:13:24.806Z","event":"dealing_tick","sessionId":"293o6b2a","round":13,"declarations":0}
{"ts":"2026-03-05T22:13:25.308Z","event":"dealing_tick","sessionId":"293o6b2a","round":14,"declarations":0}
{"ts":"2026-03-05T22:13:25.808Z","event":"dealing_tick","sessionId":"293o6b2a","round":15,"declarations":0}
{"ts":"2026-03-05T22:13:26.305Z","event":"dealing_tick","sessionId":"293o6b2a","round":16,"declarations":0}
{"ts":"2026-03-05T22:13:26.808Z","event":"dealing_tick","sessionId":"293o6b2a","round":17,"declarations":0}
{"ts":"2026-03-05T22:13:27.312Z","event":"dealing_tick","sessionId":"293o6b2a","round":18,"declarations":0}
{"ts":"2026-03-05T22:13:27.803Z","event":"dealing_tick","sessionId":"293o6b2a","round":19,"declarations":0}
{"ts":"2026-03-05T22:13:28.319Z","event":"dealing_tick","sessionId":"293o6b2a","round":20,"declarations":0}
{"ts":"2026-03-05T22:13:28.808Z","event":"dealing_tick","sessionId":"293o6b2a","round":21,"declarations":0}
{"ts":"2026-03-05T22:13:29.321Z","event":"dealing_tick","sessionId":"293o6b2a","round":22,"declarations":0}
{"ts":"2026-03-05T22:13:29.814Z","event":"dealing_tick","sessionId":"293o6b2a","round":23,"declarations":0}
{"ts":"2026-03-05T22:13:30.317Z","event":"dealing_tick","sessionId":"293o6b2a","round":24,"declarations":0}
{"ts":"2026-03-05T22:13:30.814Z","event":"dealing_tick","sessionId":"293o6b2a","round":25,"declarations":0}
{"ts":"2026-03-05T22:13:31.316Z","event":"dealing_tick","sessionId":"293o6b2a","round":26,"declarations":1}
{"ts":"2026-03-05T22:13:31.817Z","event":"dealing_tick","sessionId":"293o6b2a","round":27,"declarations":0}
{"ts":"2026-03-05T22:13:32.317Z","event":"dealing_tick","sessionId":"293o6b2a","round":28,"declarations":0}
{"ts":"2026-03-05T22:13:32.818Z","event":"dealing_tick","sessionId":"293o6b2a","round":29,"declarations":0}
{"ts":"2026-03-05T22:13:33.321Z","event":"dealing_tick","sessionId":"293o6b2a","round":30,"declarations":0}
{"ts":"2026-03-05T22:13:33.828Z","event":"dealing_tick","sessionId":"293o6b2a","round":31,"declarations":0}
{"ts":"2026-03-05T22:13:34.323Z","event":"dealing_tick","sessionId":"293o6b2a","round":32,"declarations":0}
{"ts":"2026-03-05T22:13:34.824Z","event":"dealing_tick","sessionId":"293o6b2a","round":33,"declarations":0}
{"ts":"2026-03-05T22:13:35.325Z","event":"dealing_tick","sessionId":"293o6b2a","round":34,"declarations":0}
{"ts":"2026-03-05T22:13:35.821Z","event":"dealing_tick","sessionId":"293o6b2a","round":35,"declarations":0}
{"ts":"2026-03-05T22:13:36.328Z","event":"dealing_tick","sessionId":"293o6b2a","round":36,"declarations":0}
{"ts":"2026-03-05T22:13:36.825Z","event":"dealing_tick","sessionId":"293o6b2a","round":37,"declarations":0}
{"ts":"2026-03-05T22:13:37.334Z","event":"dealing_tick","sessionId":"293o6b2a","round":38,"declarations":0}
{"ts":"2026-03-05T22:13:37.828Z","event":"dealing_tick","sessionId":"293o6b2a","round":39,"declarations":0}
{"ts":"2026-03-05T22:13:37.831Z","event":"dealing_finished","sessionId":"293o6b2a","phase":"play","dealer":"east","kittyHolder":"east"}
{"ts":"2026-03-05T22:13:38.142Z","event":"advance_play","sessionId":"293o6b2a","currentTurn":"south","phase":"play","partial":3,"waitingNextRound":false}
{"ts":"2026-03-05T22:13:38.540Z","event":"advance_play","sessionId":"293o6b2a","currentTurn":"south","phase":"play","partial":3,"waitingNextRound":false}
{"ts":"2026-03-05T22:14:29.521Z","event":"play_human","sessionId":"293o6b2a","cards":[89,143,35],"winner":"north","points":30,"phase":"play","currentTurn":"north"}
{"ts":"2026-03-05T22:14:29.843Z","event":"advance_play","sessionId":"293o6b2a","currentTurn":"north","phase":"play","partial":0,"waitingNextRound":true}
{"ts":"2026-03-05T22:14:41.415Z","event":"advance_play","sessionId":"293o6b2a","currentTurn":"south","phase":"play","partial":2,"waitingNextRound":false}
{"ts":"2026-03-05T22:15:01.782Z","event":"play_human","sessionId":"293o6b2a","cards":[148,40,98,43],"winner":"north","points":20,"phase":"play","currentTurn":"north"}
{"ts":"2026-03-05T22:15:02.104Z","event":"advance_play","sessionId":"293o6b2a","currentTurn":"north","phase":"play","partial":0,"waitingNextRound":true}
{"ts":"2026-03-05T22:15:23.296Z","event":"advance_play","sessionId":"293o6b2a","currentTurn":"south","phase":"play","partial":2,"waitingNextRound":false}
{"ts":"2026-03-05T22:16:36.940Z","event":"play_human","sessionId":"293o6b2a","cards":[102,157,159],"winner":"north","points":35,"phase":"play","currentTurn":"north"}
{"ts":"2026-03-05T22:16:37.380Z","event":"advance_play","sessionId":"293o6b2a","currentTurn":"north","phase":"play","partial":0,"waitingNextRound":true}
{"ts":"2026-03-05T22:16:58.846Z","event":"advance_play","sessionId":"293o6b2a","currentTurn":"south","phase":"play","partial":2,"waitingNextRound":false}
{"ts":"2026-03-05T22:17:17.006Z","event":"play_human","sessionId":"293o6b2a","cards":[1,109,116],"winner":"north","points":10,"phase":"play","currentTurn":"north"}
{"ts":"2026-03-05T22:17:17.388Z","event":"advance_play","sessionId":"293o6b2a","currentTurn":"north","phase":"play","partial":0,"waitingNextRound":true}
{"ts":"2026-03-05T22:17:22.613Z","event":"advance_play","sessionId":"293o6b2a","currentTurn":"south","phase":"play","partial":2,"waitingNextRound":false}
{"ts":"2026-03-05T22:17:34.012Z","event":"play_human","sessionId":"293o6b2a","cards":[112,58,9,117],"winner":"north","points":40,"phase":"play","currentTurn":"north"}
{"ts":"2026-03-05T22:17:34.389Z","event":"advance_play","sessionId":"293o6b2a","currentTurn":"north","phase":"play","partial":0,"waitingNextRound":true}
{"ts":"2026-03-05T22:17:43.556Z","event":"advance_play","sessionId":"293o6b2a","currentTurn":"south","phase":"play","partial":2,"waitingNextRound":false}
{"ts":"2026-03-05T22:49:20.938Z","event":"new_game","sessionId":"236inwru","mode":"grab","level":"2","dealer":"south"}
{"ts":"2026-03-05T22:49:24.972Z","event":"dealing_tick","sessionId":"236inwru","round":1,"declarations":0}
{"ts":"2026-03-05T22:49:25.476Z","event":"dealing_tick","sessionId":"236inwru","round":2,"declarations":0}
{"ts":"2026-03-05T22:49:25.963Z","event":"dealing_tick","sessionId":"236inwru","round":3,"declarations":0}
{"ts":"2026-03-05T22:49:26.473Z","event":"dealing_tick","sessionId":"236inwru","round":4,"declarations":1}
{"ts":"2026-03-05T22:49:26.965Z","event":"dealing_tick","sessionId":"236inwru","round":5,"declarations":0}
{"ts":"2026-03-05T22:49:27.469Z","event":"dealing_tick","sessionId":"236inwru","round":6,"declarations":0}
{"ts":"2026-03-05T22:49:27.966Z","event":"dealing_tick","sessionId":"236inwru","round":7,"declarations":0}
{"ts":"2026-03-05T22:49:28.479Z","event":"dealing_tick","sessionId":"236inwru","round":8,"declarations":0}
{"ts":"2026-03-05T22:49:28.967Z","event":"dealing_tick","sessionId":"236inwru","round":9,"declarations":0}
{"ts":"2026-03-05T22:49:29.503Z","event":"dealing_tick","sessionId":"236inwru","round":10,"declarations":0}
{"ts":"2026-03-05T22:49:29.969Z","event":"dealing_tick","sessionId":"236inwru","round":11,"declarations":0}
{"ts":"2026-03-05T22:49:30.494Z","event":"dealing_tick","sessionId":"236inwru","round":12,"declarations":0}
{"ts":"2026-03-05T22:49:30.962Z","event":"dealing_tick","sessionId":"236inwru","round":13,"declarations":0}
{"ts":"2026-03-05T22:49:31.475Z","event":"dealing_tick","sessionId":"236inwru","round":14,"declarations":0}
{"ts":"2026-03-05T22:49:31.966Z","event":"dealing_tick","sessionId":"236inwru","round":15,"declarations":0}
{"ts":"2026-03-05T22:49:32.463Z","event":"dealing_tick","sessionId":"236inwru","round":16,"declarations":0}
{"ts":"2026-03-05T22:49:32.960Z","event":"dealing_tick","sessionId":"236inwru","round":17,"declarations":0}
{"ts":"2026-03-05T22:49:33.472Z","event":"dealing_tick","sessionId":"236inwru","round":18,"declarations":0}
{"ts":"2026-03-05T22:49:33.959Z","event":"dealing_tick","sessionId":"236inwru","round":19,"declarations":0}
{"ts":"2026-03-05T22:49:34.464Z","event":"dealing_tick","sessionId":"236inwru","round":20,"declarations":0}
{"ts":"2026-03-05T22:49:34.964Z","event":"dealing_tick","sessionId":"236inwru","round":21,"declarations":0}
{"ts":"2026-03-05T22:49:35.461Z","event":"dealing_tick","sessionId":"236inwru","round":22,"declarations":0}
{"ts":"2026-03-05T22:49:35.960Z","event":"dealing_tick","sessionId":"236inwru","round":23,"declarations":0}
{"ts":"2026-03-05T22:49:36.458Z","event":"dealing_tick","sessionId":"236inwru","round":24,"declarations":0}
{"ts":"2026-03-05T22:49:36.968Z","event":"dealing_tick","sessionId":"236inwru","round":25,"declarations":0}
{"ts":"2026-03-05T22:49:37.468Z","event":"dealing_tick","sessionId":"236inwru","round":26,"declarations":0}
{"ts":"2026-03-05T22:49:37.969Z","event":"dealing_tick","sessionId":"236inwru","round":27,"declarations":0}
{"ts":"2026-03-05T22:49:38.480Z","event":"dealing_tick","sessionId":"236inwru","round":28,"declarations":0}
{"ts":"2026-03-05T22:49:38.969Z","event":"dealing_tick","sessionId":"236inwru","round":29,"declarations":0}
{"ts":"2026-03-05T22:49:39.461Z","event":"dealing_tick","sessionId":"236inwru","round":30,"declarations":0}
{"ts":"2026-03-05T22:49:39.969Z","event":"dealing_tick","sessionId":"236inwru","round":31,"declarations":0}
{"ts":"2026-03-05T22:49:40.460Z","event":"dealing_tick","sessionId":"236inwru","round":32,"declarations":0}
{"ts":"2026-03-05T22:49:40.972Z","event":"dealing_tick","sessionId":"236inwru","round":33,"declarations":0}
{"ts":"2026-03-05T22:49:41.453Z","event":"dealing_tick","sessionId":"236inwru","round":34,"declarations":0}
{"ts":"2026-03-05T22:49:41.963Z","event":"dealing_tick","sessionId":"236inwru","round":35,"declarations":0}
{"ts":"2026-03-05T22:49:42.467Z","event":"dealing_tick","sessionId":"236inwru","round":36,"declarations":0}
{"ts":"2026-03-05T22:49:42.967Z","event":"dealing_tick","sessionId":"236inwru","round":37,"declarations":0}
{"ts":"2026-03-05T22:49:43.469Z","event":"dealing_tick","sessionId":"236inwru","round":38,"declarations":0}
{"ts":"2026-03-05T22:49:43.972Z","event":"dealing_tick","sessionId":"236inwru","round":39,"declarations":0}
{"ts":"2026-03-05T22:49:43.972Z","event":"dealing_finished","sessionId":"236inwru","phase":"kitty","dealer":"south","kittyHolder":"south"}
{"ts":"2026-03-05T22:50:27.573Z","event":"advance_play","sessionId":"236inwru","currentTurn":"south","phase":"play","partial":0,"waitingNextRound":false}
{"ts":"2026-03-05T22:50:27.887Z","event":"advance_play","sessionId":"236inwru","currentTurn":"south","phase":"play","partial":0,"waitingNextRound":false}
{"ts":"2026-03-05T22:50:38.662Z","event":"play_human","sessionId":"236inwru","cards":[51,105,43,151,42,96],"winner":"south","points":50,"phase":"play","currentTurn":"south"}
{"ts":"2026-03-05T22:51:10.916Z","event":"play_human","sessionId":"236inwru","cards":[133],"winner":"south","points":0,"phase":"play","currentTurn":"south"}
{"ts":"2026-03-05T22:51:29.370Z","event":"play_human","sessionId":"236inwru","cards":[66],"winner":"south","points":10,"phase":"play","currentTurn":"south"}
{"ts":"2026-03-05T22:51:39.574Z","event":"play_human","sessionId":"236inwru","cards":[64,118],"winner":"south","points":0,"phase":"play","currentTurn":"south"}
{"ts":"2026-03-05T23:08:00.132Z","event":"new_game","sessionId":"g57r5w0i","mode":"grab","level":"2","dealer":"south"}
{"ts":"2026-03-05T23:08:08.144Z","event":"dealing_tick","sessionId":"g57r5w0i","round":1,"declarations":0}
{"ts":"2026-03-05T23:08:08.634Z","event":"dealing_tick","sessionId":"g57r5w0i","round":2,"declarations":0}
{"ts":"2026-03-05T23:08:09.135Z","event":"dealing_tick","sessionId":"g57r5w0i","round":3,"declarations":0}
{"ts":"2026-03-05T23:08:09.635Z","event":"dealing_tick","sessionId":"g57r5w0i","round":4,"declarations":1}
{"ts":"2026-03-05T23:08:10.142Z","event":"dealing_tick","sessionId":"g57r5w0i","round":5,"declarations":0}
{"ts":"2026-03-05T23:08:10.636Z","event":"dealing_tick","sessionId":"g57r5w0i","round":6,"declarations":0}
{"ts":"2026-03-05T23:08:11.140Z","event":"dealing_tick","sessionId":"g57r5w0i","round":7,"declarations":0}
{"ts":"2026-03-05T23:08:11.641Z","event":"dealing_tick","sessionId":"g57r5w0i","round":8,"declarations":0}
{"ts":"2026-03-05T23:08:12.138Z","event":"dealing_tick","sessionId":"g57r5w0i","round":9,"declarations":0}
{"ts":"2026-03-05T23:08:12.653Z","event":"dealing_tick","sessionId":"g57r5w0i","round":10,"declarations":0}
{"ts":"2026-03-05T23:08:13.132Z","event":"dealing_tick","sessionId":"g57r5w0i","round":11,"declarations":0}
{"ts":"2026-03-05T23:08:13.639Z","event":"dealing_tick","sessionId":"g57r5w0i","round":12,"declarations":0}
{"ts":"2026-03-05T23:08:14.150Z","event":"dealing_tick","sessionId":"g57r5w0i","round":13,"declarations":0}
{"ts":"2026-03-05T23:08:14.634Z","event":"dealing_tick","sessionId":"g57r5w0i","round":14,"declarations":0}
{"ts":"2026-03-05T23:08:15.131Z","event":"dealing_tick","sessionId":"g57r5w0i","round":15,"declarations":0}
{"ts":"2026-03-05T23:08:15.636Z","event":"dealing_tick","sessionId":"g57r5w0i","round":16,"declarations":0}
{"ts":"2026-03-05T23:08:16.141Z","event":"dealing_tick","sessionId":"g57r5w0i","round":17,"declarations":0}
{"ts":"2026-03-05T23:08:16.649Z","event":"dealing_tick","sessionId":"g57r5w0i","round":18,"declarations":1}
{"ts":"2026-03-05T23:08:17.151Z","event":"dealing_tick","sessionId":"g57r5w0i","round":19,"declarations":0}
{"ts":"2026-03-05T23:08:17.642Z","event":"dealing_tick","sessionId":"g57r5w0i","round":20,"declarations":0}
{"ts":"2026-03-05T23:08:18.132Z","event":"dealing_tick","sessionId":"g57r5w0i","round":21,"declarations":0}
{"ts":"2026-03-05T23:08:18.633Z","event":"dealing_tick","sessionId":"g57r5w0i","round":22,"declarations":0}
{"ts":"2026-03-05T23:08:19.147Z","event":"dealing_tick","sessionId":"g57r5w0i","round":23,"declarations":0}
{"ts":"2026-03-05T23:08:19.638Z","event":"dealing_tick","sessionId":"g57r5w0i","round":24,"declarations":0}
{"ts":"2026-03-05T23:08:20.142Z","event":"dealing_tick","sessionId":"g57r5w0i","round":25,"declarations":0}
{"ts":"2026-03-05T23:08:20.637Z","event":"dealing_tick","sessionId":"g57r5w0i","round":26,"declarations":0}
{"ts":"2026-03-05T23:08:21.124Z","event":"dealing_tick","sessionId":"g57r5w0i","round":27,"declarations":0}
{"ts":"2026-03-05T23:08:21.635Z","event":"dealing_tick","sessionId":"g57r5w0i","round":28,"declarations":0}
{"ts":"2026-03-05T23:08:22.139Z","event":"dealing_tick","sessionId":"g57r5w0i","round":29,"declarations":0}
{"ts":"2026-03-05T23:08:22.631Z","event":"dealing_tick","sessionId":"g57r5w0i","round":30,"declarations":0}
{"ts":"2026-03-05T23:08:23.133Z","event":"dealing_tick","sessionId":"g57r5w0i","round":31,"declarations":0}
{"ts":"2026-03-05T23:08:23.643Z","event":"dealing_tick","sessionId":"g57r5w0i","round":32,"declarations":0}
{"ts":"2026-03-05T23:08:24.147Z","event":"dealing_tick","sessionId":"g57r5w0i","round":33,"declarations":0}
{"ts":"2026-03-05T23:08:24.647Z","event":"dealing_tick","sessionId":"g57r5w0i","round":34,"declarations":0}
{"ts":"2026-03-05T23:08:25.140Z","event":"dealing_tick","sessionId":"g57r5w0i","round":35,"declarations":0}
{"ts":"2026-03-05T23:08:25.642Z","event":"dealing_tick","sessionId":"g57r5w0i","round":36,"declarations":0}
{"ts":"2026-03-05T23:08:26.133Z","event":"dealing_tick","sessionId":"g57r5w0i","round":37,"declarations":0}
{"ts":"2026-03-05T23:08:26.629Z","event":"dealing_tick","sessionId":"g57r5w0i","round":38,"declarations":0}
{"ts":"2026-03-05T23:08:27.152Z","event":"dealing_tick","sessionId":"g57r5w0i","round":39,"declarations":0}
{"ts":"2026-03-05T23:08:27.155Z","event":"dealing_finished","sessionId":"g57r5w0i","phase":"play","dealer":"north","kittyHolder":"north"}
{"ts":"2026-03-05T23:08:27.416Z","event":"advance_play","sessionId":"g57r5w0i","currentTurn":"south","phase":"play","partial":2,"waitingNextRound":false}
{"ts":"2026-03-05T23:08:27.694Z","event":"advance_play","sessionId":"g57r5w0i","currentTurn":"south","phase":"play","partial":2,"waitingNextRound":false}
{"ts":"2026-03-05T23:08:40.886Z","event":"play_human","sessionId":"g57r5w0i","cards":[123,15,70,71,18,72,130,25],"winner":"north","points":60,"phase":"play","currentTurn":"north"}
{"ts":"2026-03-05T23:08:41.143Z","event":"advance_play","sessionId":"g57r5w0i","currentTurn":"north","phase":"play","partial":0,"waitingNextRound":true}
{"ts":"2026-03-05T23:08:44.389Z","event":"advance_play","sessionId":"g57r5w0i","currentTurn":"south","phase":"play","partial":2,"waitingNextRound":false}
{"ts":"2026-03-05T23:08:57.095Z","event":"play_human","sessionId":"g57r5w0i","cards":[55,1],"winner":"north","points":20,"phase":"play","currentTurn":"north"}
{"ts":"2026-03-05T23:08:57.409Z","event":"advance_play","sessionId":"g57r5w0i","currentTurn":"north","phase":"play","partial":0,"waitingNextRound":true}
{"ts":"2026-03-05T23:09:10.100Z","event":"advance_play","sessionId":"g57r5w0i","currentTurn":"south","phase":"play","partial":2,"waitingNextRound":false}
{"ts":"2026-03-05T23:09:16.834Z","event":"play_human","sessionId":"g57r5w0i","cards":[44,98],"winner":"north","points":20,"phase":"play","currentTurn":"north"}
{"ts":"2026-03-05T23:09:17.077Z","event":"advance_play","sessionId":"g57r5w0i","currentTurn":"north","phase":"play","partial":0,"waitingNextRound":true}
{"ts":"2026-03-05T23:09:22.187Z","event":"advance_play","sessionId":"g57r5w0i","currentTurn":"south","phase":"play","partial":2,"waitingNextRound":false}
{"ts":"2026-03-05T23:09:31.833Z","event":"play_human","sessionId":"g57r5w0i","cards":[142,34],"winner":"north","points":40,"phase":"play","currentTurn":"north"}
{"ts":"2026-03-05T23:09:32.010Z","event":"advance_play","sessionId":"g57r5w0i","currentTurn":"north","phase":"play","partial":0,"waitingNextRound":true}
{"ts":"2026-03-05T23:09:35.819Z","event":"advance_play","sessionId":"g57r5w0i","currentTurn":"south","phase":"play","partial":2,"waitingNextRound":false}
{"ts":"2026-03-05T23:09:40.346Z","event":"play_human","sessionId":"g57r5w0i","cards":[42,41],"winner":"east","points":5,"phase":"play","currentTurn":"east"}
{"ts":"2026-03-05T23:09:40.518Z","event":"advance_play","sessionId":"g57r5w0i","currentTurn":"east","phase":"play","partial":0,"waitingNextRound":true}
{"ts":"2026-03-05T23:09:44.669Z","event":"advance_play","sessionId":"g57r5w0i","currentTurn":"south","phase":"play","partial":3,"waitingNextRound":false}
{"ts":"2026-03-05T23:09:49.779Z","event":"play_human","sessionId":"g57r5w0i","cards":[51,48,99,97],"winner":"east","points":35,"phase":"play","currentTurn":"east"}
{"ts":"2026-03-05T23:09:50.049Z","event":"advance_play","sessionId":"g57r5w0i","currentTurn":"east","phase":"play","partial":0,"waitingNextRound":true}
{"ts":"2026-03-05T23:09:51.977Z","event":"advance_play","sessionId":"g57r5w0i","currentTurn":"south","phase":"play","partial":3,"waitingNextRound":false}
{"ts":"2026-03-05T23:10:39.827Z","event":"play_human","sessionId":"g57r5w0i","cards":[60,114],"winner":"west","points":10,"phase":"play","currentTurn":"west"}
{"ts":"2026-03-05T23:10:39.998Z","event":"advance_play","sessionId":"g57r5w0i","currentTurn":"west","phase":"play","partial":0,"waitingNextRound":true}
{"ts":"2026-03-05T23:10:46.138Z","event":"advance_play","sessionId":"g57r5w0i","currentTurn":"south","phase":"play","partial":1,"waitingNextRound":false}
{"ts":"2026-03-05T23:10:51.601Z","event":"play_human","sessionId":"g57r5w0i","cards":[112],"winner":"west","points":0,"phase":"play","currentTurn":"west"}
{"ts":"2026-03-05T23:10:51.730Z","event":"advance_play","sessionId":"g57r5w0i","currentTurn":"west","phase":"play","partial":0,"waitingNextRound":true}
{"ts":"2026-03-05T23:10:56.695Z","event":"advance_play","sessionId":"g57r5w0i","currentTurn":"south","phase":"play","partial":1,"waitingNextRound":false}
{"ts":"2026-03-05T23:11:02.370Z","event":"play_human","sessionId":"g57r5w0i","cards":[26],"winner":"east","points":0,"phase":"play","currentTurn":"east"}
{"ts":"2026-03-05T23:11:02.664Z","event":"advance_play","sessionId":"g57r5w0i","currentTurn":"east","phase":"play","partial":0,"waitingNextRound":true}
{"ts":"2026-03-05T23:11:16.773Z","event":"advance_play","sessionId":"g57r5w0i","currentTurn":"south","phase":"play","partial":3,"waitingNextRound":false}
{"ts":"2026-03-05T23:11:25.223Z","event":"play_human","sessionId":"g57r5w0i","cards":[54,135],"winner":"east","points":0,"phase":"play","currentTurn":"east"}
{"ts":"2026-03-05T23:11:25.428Z","event":"advance_play","sessionId":"g57r5w0i","currentTurn":"east","phase":"play","partial":0,"waitingNextRound":true}
{"ts":"2026-03-05T23:11:32.092Z","event":"advance_play","sessionId":"g57r5w0i","currentTurn":"south","phase":"play","partial":3,"waitingNextRound":false}
{"ts":"2026-03-05T23:11:38.888Z","event":"play_human","sessionId":"g57r5w0i","cards":[8,88],"winner":"north","points":20,"phase":"play","currentTurn":"north"}
{"ts":"2026-03-05T23:11:39.086Z","event":"advance_play","sessionId":"g57r5w0i","currentTurn":"north","phase":"play","partial":0,"waitingNextRound":true}
{"ts":"2026-03-05T23:11:41.067Z","event":"advance_play","sessionId":"g57r5w0i","currentTurn":"south","phase":"play","partial":2,"waitingNextRound":false}
{"ts":"2026-03-05T23:11:52.828Z","event":"play_human","sessionId":"g57r5w0i","cards":[29,84,31],"winner":"north","points":20,"phase":"play","currentTurn":"north"}
{"ts":"2026-03-05T23:11:53.038Z","event":"advance_play","sessionId":"g57r5w0i","currentTurn":"north","phase":"play","partial":0,"waitingNextRound":true}
{"ts":"2026-03-05T23:11:56.809Z","event":"advance_play","sessionId":"g57r5w0i","currentTurn":"south","phase":"play","partial":2,"waitingNextRound":false}
{"ts":"2026-03-05T23:12:00.221Z","event":"play_human","sessionId":"g57r5w0i","cards":[59],"winner":"north","points":0,"phase":"play","currentTurn":"north"}
{"ts":"2026-03-05T23:12:00.383Z","event":"advance_play","sessionId":"g57r5w0i","currentTurn":"north","phase":"play","partial":0,"waitingNextRound":true}
{"ts":"2026-03-05T23:12:03.159Z","event":"advance_play","sessionId":"g57r5w0i","currentTurn":"south","phase":"play","partial":2,"waitingNextRound":false}
{"ts":"2026-03-05T23:12:07.227Z","event":"play_human","sessionId":"g57r5w0i","cards":[146],"winner":"south","points":5,"phase":"play","currentTurn":"south"}
{"ts":"2026-03-05T23:12:17.248Z","event":"play_human","sessionId":"g57r5w0i","cards":[144,89],"winner":"south","points":15,"phase":"play","currentTurn":"south"}
{"ts":"2026-03-05T23:12:32.715Z","event":"play_human","sessionId":"g57r5w0i","cards":[141,140],"winner":"south","points":30,"phase":"play","currentTurn":"south"}
{"ts":"2026-03-05T23:12:42.993Z","event":"play_human","sessionId":"g57r5w0i","cards":[66,63],"winner":"north","points":10,"phase":"play","currentTurn":"north"}
{"ts":"2026-03-05T23:12:43.163Z","event":"advance_play","sessionId":"g57r5w0i","currentTurn":"north","phase":"play","partial":0,"waitingNextRound":true}
{"ts":"2026-03-05T23:12:49.539Z","event":"advance_play","sessionId":"g57r5w0i","currentTurn":"south","phase":"play","partial":2,"waitingNextRound":false}
{"ts":"2026-03-05T23:12:56.342Z","event":"play_human","sessionId":"g57r5w0i","cards":[66],"winner":"north","points":10,"phase":"done","currentTurn":null}
{"ts":"2026-03-05T23:21:15.622Z","event":"new_game","sessionId":"tc6h6nrh","mode":"grab","level":"2","dealer":"south"}
{"ts":"2026-03-05T23:21:19.024Z","event":"dealing_tick","sessionId":"tc6h6nrh","round":1,"declarations":0}
{"ts":"2026-03-05T23:21:19.507Z","event":"dealing_tick","sessionId":"tc6h6nrh","round":2,"declarations":0}
{"ts":"2026-03-05T23:21:20.008Z","event":"dealing_tick","sessionId":"tc6h6nrh","round":3,"declarations":0}
{"ts":"2026-03-05T23:21:20.504Z","event":"dealing_tick","sessionId":"tc6h6nrh","round":4,"declarations":0}
{"ts":"2026-03-05T23:21:21.003Z","event":"dealing_tick","sessionId":"tc6h6nrh","round":5,"declarations":0}
{"ts":"2026-03-05T23:21:21.504Z","event":"dealing_tick","sessionId":"tc6h6nrh","round":6,"declarations":0}
{"ts":"2026-03-05T23:21:22.004Z","event":"dealing_tick","sessionId":"tc6h6nrh","round":7,"declarations":0}
{"ts":"2026-03-05T23:21:22.503Z","event":"dealing_tick","sessionId":"tc6h6nrh","round":8,"declarations":1}
{"ts":"2026-03-05T23:21:23.009Z","event":"dealing_tick","sessionId":"tc6h6nrh","round":9,"declarations":0}
{"ts":"2026-03-05T23:21:23.499Z","event":"dealing_tick","sessionId":"tc6h6nrh","round":10,"declarations":0}
{"ts":"2026-03-05T23:21:24.008Z","event":"dealing_tick","sessionId":"tc6h6nrh","round":11,"declarations":0}
{"ts":"2026-03-05T23:21:24.523Z","event":"dealing_tick","sessionId":"tc6h6nrh","round":12,"declarations":0}
{"ts":"2026-03-05T23:21:25.011Z","event":"dealing_tick","sessionId":"tc6h6nrh","round":13,"declarations":0}
{"ts":"2026-03-05T23:21:25.509Z","event":"dealing_tick","sessionId":"tc6h6nrh","round":14,"declarations":0}
{"ts":"2026-03-05T23:21:25.993Z","event":"dealing_tick","sessionId":"tc6h6nrh","round":15,"declarations":0}
{"ts":"2026-03-05T23:21:26.505Z","event":"dealing_tick","sessionId":"tc6h6nrh","round":16,"declarations":0}
{"ts":"2026-03-05T23:21:27.000Z","event":"dealing_tick","sessionId":"tc6h6nrh","round":17,"declarations":0}
{"ts":"2026-03-05T23:21:27.504Z","event":"dealing_tick","sessionId":"tc6h6nrh","round":18,"declarations":0}
{"ts":"2026-03-05T23:21:28.001Z","event":"dealing_tick","sessionId":"tc6h6nrh","round":19,"declarations":0}
{"ts":"2026-03-05T23:21:28.508Z","event":"dealing_tick","sessionId":"tc6h6nrh","round":20,"declarations":0}
{"ts":"2026-03-05T23:21:28.999Z","event":"dealing_tick","sessionId":"tc6h6nrh","round":21,"declarations":0}
{"ts":"2026-03-05T23:21:29.502Z","event":"dealing_tick","sessionId":"tc6h6nrh","round":22,"declarations":0}
{"ts":"2026-03-05T23:21:30.009Z","event":"dealing_tick","sessionId":"tc6h6nrh","round":23,"declarations":0}
{"ts":"2026-03-05T23:21:30.506Z","event":"dealing_tick","sessionId":"tc6h6nrh","round":24,"declarations":0}
{"ts":"2026-03-05T23:21:31.035Z","event":"dealing_tick","sessionId":"tc6h6nrh","round":25,"declarations":0}
{"ts":"2026-03-05T23:21:31.505Z","event":"dealing_tick","sessionId":"tc6h6nrh","round":26,"declarations":0}
{"ts":"2026-03-05T23:21:32.004Z","event":"dealing_tick","sessionId":"tc6h6nrh","round":27,"declarations":0}
{"ts":"2026-03-05T23:21:32.499Z","event":"dealing_tick","sessionId":"tc6h6nrh","round":28,"declarations":0}
{"ts":"2026-03-05T23:21:33.014Z","event":"dealing_tick","sessionId":"tc6h6nrh","round":29,"declarations":0}
{"ts":"2026-03-05T23:21:33.501Z","event":"dealing_tick","sessionId":"tc6h6nrh","round":30,"declarations":0}
{"ts":"2026-03-05T23:21:34.008Z","event":"dealing_tick","sessionId":"tc6h6nrh","round":31,"declarations":0}
{"ts":"2026-03-05T23:21:34.509Z","event":"dealing_tick","sessionId":"tc6h6nrh","round":32,"declarations":0}
{"ts":"2026-03-05T23:21:35.020Z","event":"dealing_tick","sessionId":"tc6h6nrh","round":33,"declarations":0}
{"ts":"2026-03-05T23:21:35.511Z","event":"dealing_tick","sessionId":"tc6h6nrh","round":34,"declarations":0}
{"ts":"2026-03-05T23:21:36.016Z","event":"dealing_tick","sessionId":"tc6h6nrh","round":35,"declarations":0}
{"ts":"2026-03-05T23:21:36.508Z","event":"dealing_tick","sessionId":"tc6h6nrh","round":36,"declarations":0}
{"ts":"2026-03-05T23:21:36.992Z","event":"dealing_tick","sessionId":"tc6h6nrh","round":37,"declarations":0}
{"ts":"2026-03-05T23:21:37.511Z","event":"dealing_tick","sessionId":"tc6h6nrh","round":38,"declarations":0}
{"ts":"2026-03-05T23:21:38.006Z","event":"dealing_tick","sessionId":"tc6h6nrh","round":39,"declarations":0}
{"ts":"2026-03-05T23:21:38.009Z","event":"dealing_finished","sessionId":"tc6h6nrh","phase":"play","dealer":"east","kittyHolder":"east"}
{"ts":"2026-03-05T23:21:38.143Z","event":"advance_play","sessionId":"tc6h6nrh","currentTurn":"south","phase":"play","partial":3,"waitingNextRound":false}
{"ts":"2026-03-05T23:21:38.303Z","event":"advance_play","sessionId":"tc6h6nrh","currentTurn":"south","phase":"play","partial":3,"waitingNextRound":false}
{"ts":"2026-03-05T23:21:56.914Z","event":"play_human","sessionId":"tc6h6nrh","cards":[77,131],"winner":"east","points":20,"phase":"play","currentTurn":"east"}
{"ts":"2026-03-05T23:21:57.056Z","event":"advance_play","sessionId":"tc6h6nrh","currentTurn":"east","phase":"play","partial":0,"waitingNextRound":true}
{"ts":"2026-03-05T23:21:59.575Z","event":"advance_play","sessionId":"tc6h6nrh","currentTurn":"south","phase":"play","partial":3,"waitingNextRound":false}
{"ts":"2026-03-05T23:22:10.849Z","event":"play_human","sessionId":"tc6h6nrh","cards":[82,28],"winner":"west","points":20,"phase":"play","currentTurn":"west"}
{"ts":"2026-03-05T23:22:10.985Z","event":"advance_play","sessionId":"tc6h6nrh","currentTurn":"west","phase":"play","partial":0,"waitingNextRound":true}
{"ts":"2026-03-05T23:22:12.337Z","event":"advance_play","sessionId":"tc6h6nrh","currentTurn":"south","phase":"play","partial":1,"waitingNextRound":false}
{"ts":"2026-03-05T23:22:24.626Z","event":"play_human","sessionId":"tc6h6nrh","cards":[40,41],"winner":"east","points":0,"phase":"play","currentTurn":"east"}
{"ts":"2026-03-05T23:22:24.845Z","event":"advance_play","sessionId":"tc6h6nrh","currentTurn":"east","phase":"play","partial":0,"waitingNextRound":true}
{"ts":"2026-03-05T23:22:37.749Z","event":"advance_play","sessionId":"tc6h6nrh","currentTurn":"south","phase":"play","partial":3,"waitingNextRound":false}
{"ts":"2026-03-05T23:22:58.181Z","event":"play_human","sessionId":"tc6h6nrh","cards":[32,140],"winner":"east","points":10,"phase":"play","currentTurn":"east"}
{"ts":"2026-03-05T23:22:58.436Z","event":"advance_play","sessionId":"tc6h6nrh","currentTurn":"east","phase":"play","partial":0,"waitingNextRound":true}
{"ts":"2026-03-05T23:22:59.341Z","event":"advance_play","sessionId":"tc6h6nrh","currentTurn":"south","phase":"play","partial":3,"waitingNextRound":false}
{"ts":"2026-03-05T23:23:08.738Z","event":"play_human","sessionId":"tc6h6nrh","cards":[21,78],"winner":"north","points":30,"phase":"play","currentTurn":"north"}
{"ts":"2026-03-05T23:23:08.976Z","event":"advance_play","sessionId":"tc6h6nrh","currentTurn":"north","phase":"play","partial":0,"waitingNextRound":true}
{"ts":"2026-03-05T23:23:11.966Z","event":"advance_play","sessionId":"tc6h6nrh","currentTurn":"south","phase":"play","partial":2,"waitingNextRound":false}
{"ts":"2026-03-05T23:23:19.164Z","event":"play_human","sessionId":"tc6h6nrh","cards":[111,3,8],"winner":"north","points":20,"phase":"play","currentTurn":"north"}
{"ts":"2026-03-05T23:23:19.302Z","event":"advance_play","sessionId":"tc6h6nrh","currentTurn":"north","phase":"play","partial":0,"waitingNextRound":true}
{"ts":"2026-03-05T23:23:22.274Z","event":"advance_play","sessionId":"tc6h6nrh","currentTurn":"south","phase":"play","partial":2,"waitingNextRound":false}
{"ts":"2026-03-05T23:23:41.763Z","event":"play_human","sessionId":"tc6h6nrh","cards":[58,112],"winner":"north","points":20,"phase":"play","currentTurn":"north"}
{"ts":"2026-03-05T23:23:41.944Z","event":"advance_play","sessionId":"tc6h6nrh","currentTurn":"north","phase":"play","partial":0,"waitingNextRound":true}
{"ts":"2026-03-05T23:24:15.458Z","event":"advance_play","sessionId":"tc6h6nrh","currentTurn":"south","phase":"play","partial":2,"waitingNextRound":false}
{"ts":"2026-03-05T23:24:20.893Z","event":"play_human","sessionId":"tc6h6nrh","cards":[93,39],"winner":"south","points":0,"phase":"play","currentTurn":"south"}
{"ts":"2026-03-05T23:24:33.012Z","event":"play_human","sessionId":"tc6h6nrh","cards":[51,50],"winner":"south","points":45,"phase":"play","currentTurn":"south"}
{"ts":"2026-03-05T23:24:55.526Z","event":"play_human","sessionId":"tc6h6nrh","cards":[26,134],"winner":"south","points":10,"phase":"play","currentTurn":"south"}
{"ts":"2026-03-05T23:25:17.421Z","event":"play_human","sessionId":"tc6h6nrh","cards":[49],"winner":"west","points":10,"phase":"play","currentTurn":"west"}
{"ts":"2026-03-05T23:25:17.617Z","event":"advance_play","sessionId":"tc6h6nrh","currentTurn":"west","phase":"play","partial":0,"waitingNextRound":true}
{"ts":"2026-03-05T23:25:29.052Z","event":"advance_play","sessionId":"tc6h6nrh","currentTurn":"south","phase":"play","partial":1,"waitingNextRound":false}
{"ts":"2026-03-05T23:25:35.435Z","event":"play_human","sessionId":"tc6h6nrh","cards":[138],"winner":"west","points":10,"phase":"play","currentTurn":"west"}
{"ts":"2026-03-05T23:25:36.316Z","event":"advance_play","sessionId":"tc6h6nrh","currentTurn":"west","phase":"play","partial":0,"waitingNextRound":true}
{"ts":"2026-03-05T23:25:43.081Z","event":"advance_play","sessionId":"tc6h6nrh","currentTurn":"south","phase":"play","partial":1,"waitingNextRound":false}
{"ts":"2026-03-05T23:25:46.959Z","event":"play_human","sessionId":"tc6h6nrh","cards":[18],"winner":"north","points":0,"phase":"play","currentTurn":"north"}
{"ts":"2026-03-05T23:25:47.084Z","event":"advance_play","sessionId":"tc6h6nrh","currentTurn":"north","phase":"play","partial":0,"waitingNextRound":true}
{"ts":"2026-03-05T23:25:54.037Z","event":"advance_play","sessionId":"tc6h6nrh","currentTurn":"south","phase":"play","partial":2,"waitingNextRound":false}
{"ts":"2026-03-05T23:26:01.422Z","event":"play_human","sessionId":"tc6h6nrh","cards":[29],"winner":"east","points":15,"phase":"play","currentTurn":"east"}
{"ts":"2026-03-05T23:26:01.618Z","event":"advance_play","sessionId":"tc6h6nrh","currentTurn":"east","phase":"play","partial":0,"waitingNextRound":true}
{"ts":"2026-03-05T23:26:05.088Z","event":"advance_play","sessionId":"tc6h6nrh","currentTurn":"south","phase":"play","partial":3,"waitingNextRound":false}
{"ts":"2026-03-05T23:26:11.027Z","event":"play_human","sessionId":"tc6h6nrh","cards":[19,90],"winner":"east","points":10,"phase":"play","currentTurn":"east"}
{"ts":"2026-03-05T23:26:11.146Z","event":"advance_play","sessionId":"tc6h6nrh","currentTurn":"east","phase":"play","partial":0,"waitingNextRound":true}
{"ts":"2026-03-05T23:26:12.975Z","event":"advance_play","sessionId":"tc6h6nrh","currentTurn":"south","phase":"play","partial":3,"waitingNextRound":false}
{"ts":"2026-03-05T23:26:18.514Z","event":"play_human","sessionId":"tc6h6nrh","cards":[151,153],"winner":"east","points":0,"phase":"play","currentTurn":"east"}
{"ts":"2026-03-05T23:26:18.643Z","event":"advance_play","sessionId":"tc6h6nrh","currentTurn":"east","phase":"play","partial":0,"waitingNextRound":true}
{"ts":"2026-03-05T23:26:20.167Z","event":"advance_play","sessionId":"tc6h6nrh","currentTurn":"south","phase":"play","partial":3,"waitingNextRound":false}
{"ts":"2026-03-05T23:26:23.825Z","event":"play_human","sessionId":"tc6h6nrh","cards":[100],"winner":"east","points":5,"phase":"play","currentTurn":"east"}
{"ts":"2026-03-05T23:26:24.102Z","event":"advance_play","sessionId":"tc6h6nrh","currentTurn":"east","phase":"play","partial":0,"waitingNextRound":true}
{"ts":"2026-03-05T23:26:25.128Z","event":"advance_play","sessionId":"tc6h6nrh","currentTurn":"south","phase":"play","partial":3,"waitingNextRound":false}
{"ts":"2026-03-05T23:26:30.851Z","event":"play_human","sessionId":"tc6h6nrh","cards":[156],"winner":"east","points":0,"phase":"play","currentTurn":"east"}
{"ts":"2026-03-05T23:26:31.006Z","event":"advance_play","sessionId":"tc6h6nrh","currentTurn":"east","phase":"play","partial":0,"waitingNextRound":true}
{"ts":"2026-03-05T23:26:32.425Z","event":"advance_play","sessionId":"tc6h6nrh","currentTurn":"south","phase":"play","partial":3,"waitingNextRound":false}
{"ts":"2026-03-05T23:26:35.955Z","event":"play_human","sessionId":"tc6h6nrh","cards":[96],"winner":"north","points":15,"phase":"play","currentTurn":"north"}
{"ts":"2026-03-05T23:26:36.225Z","event":"advance_play","sessionId":"tc6h6nrh","currentTurn":"north","phase":"play","partial":0,"waitingNextRound":true}
{"ts":"2026-03-05T23:26:38.398Z","event":"advance_play","sessionId":"tc6h6nrh","currentTurn":"south","phase":"play","partial":2,"waitingNextRound":false}
{"ts":"2026-03-05T23:26:42.438Z","event":"play_human","sessionId":"tc6h6nrh","cards":[1],"winner":"south","points":0,"phase":"play","currentTurn":"south"}
{"ts":"2026-03-05T23:26:47.687Z","event":"play_human","sessionId":"tc6h6nrh","cards":[110],"winner":"east","points":10,"phase":"play","currentTurn":"east"}
{"ts":"2026-03-05T23:26:47.902Z","event":"advance_play","sessionId":"tc6h6nrh","currentTurn":"east","phase":"play","partial":0,"waitingNextRound":true}
{"ts":"2026-03-05T23:26:51.515Z","event":"advance_play","sessionId":"tc6h6nrh","currentTurn":"south","phase":"play","partial":3,"waitingNextRound":false}
{"ts":"2026-03-05T23:26:58.954Z","event":"play_human","sessionId":"tc6h6nrh","cards":[106],"winner":"south","points":10,"phase":"play","currentTurn":"south"}
{"ts":"2026-03-05T23:27:03.311Z","event":"play_human","sessionId":"tc6h6nrh","cards":[114],"winner":"west","points":0,"phase":"play","currentTurn":"west"}
{"ts":"2026-03-05T23:27:03.458Z","event":"advance_play","sessionId":"tc6h6nrh","currentTurn":"west","phase":"play","partial":0,"waitingNextRound":true}
{"ts":"2026-03-05T23:27:05.664Z","event":"advance_play","sessionId":"tc6h6nrh","currentTurn":"south","phase":"play","partial":1,"waitingNextRound":false}
{"ts":"2026-03-05T23:27:08.326Z","event":"play_human","sessionId":"tc6h6nrh","cards":[61],"winner":"south","points":10,"phase":"play","currentTurn":"south"}
{"ts":"2026-03-05T23:27:13.421Z","event":"play_human","sessionId":"tc6h6nrh","cards":[12],"winner":"south","points":5,"phase":"play","currentTurn":"south"}
{"ts":"2026-03-05T23:27:16.753Z","event":"play_human","sessionId":"tc6h6nrh","cards":[161],"winner":"south","points":15,"phase":"done","currentTurn":null}
{"ts":"2026-03-05T23:30:33.358Z","event":"new_game","sessionId":"xqe6y8ij","mode":"grab","level":"2","dealer":"south"}
{"ts":"2026-03-05T23:30:33.740Z","event":"dealing_tick","sessionId":"xqe6y8ij","round":1,"declarations":0}
{"ts":"2026-03-05T23:30:33.912Z","event":"dealing_tick","sessionId":"xqe6y8ij","round":2,"declarations":0}
{"ts":"2026-03-05T23:30:34.332Z","event":"dealing_tick","sessionId":"xqe6y8ij","round":3,"declarations":0}
{"ts":"2026-03-05T23:30:34.698Z","event":"dealing_tick","sessionId":"xqe6y8ij","round":4,"declarations":0}
{"ts":"2026-03-05T23:30:34.857Z","event":"dealing_tick","sessionId":"xqe6y8ij","round":5,"declarations":0}
{"ts":"2026-03-05T23:30:35.014Z","event":"dealing_tick","sessionId":"xqe6y8ij","round":6,"declarations":1}
{"ts":"2026-03-05T23:30:35.458Z","event":"dealing_tick","sessionId":"xqe6y8ij","round":7,"declarations":0}
{"ts":"2026-03-05T23:30:35.619Z","event":"dealing_tick","sessionId":"xqe6y8ij","round":8,"declarations":0}
{"ts":"2026-03-05T23:30:35.777Z","event":"dealing_tick","sessionId":"xqe6y8ij","round":9,"declarations":0}
{"ts":"2026-03-05T23:30:35.947Z","event":"dealing_tick","sessionId":"xqe6y8ij","round":10,"declarations":0}
{"ts":"2026-03-05T23:30:36.111Z","event":"dealing_tick","sessionId":"xqe6y8ij","round":11,"declarations":0}
{"ts":"2026-03-05T23:30:36.566Z","event":"dealing_tick","sessionId":"xqe6y8ij","round":12,"declarations":0}
{"ts":"2026-03-05T23:30:36.737Z","event":"dealing_tick","sessionId":"xqe6y8ij","round":13,"declarations":0}
{"ts":"2026-03-05T23:30:36.909Z","event":"dealing_tick","sessionId":"xqe6y8ij","round":14,"declarations":1}
{"ts":"2026-03-05T23:30:37.074Z","event":"dealing_tick","sessionId":"xqe6y8ij","round":15,"declarations":0}
{"ts":"2026-03-05T23:30:37.279Z","event":"dealing_tick","sessionId":"xqe6y8ij","round":16,"declarations":0}
{"ts":"2026-03-05T23:30:37.749Z","event":"dealing_tick","sessionId":"xqe6y8ij","round":17,"declarations":0}
{"ts":"2026-03-05T23:30:37.911Z","event":"dealing_tick","sessionId":"xqe6y8ij","round":18,"declarations":0}
{"ts":"2026-03-05T23:30:38.077Z","event":"dealing_tick","sessionId":"xqe6y8ij","round":19,"declarations":0}
{"ts":"2026-03-05T23:30:38.591Z","event":"dealing_tick","sessionId":"xqe6y8ij","round":20,"declarations":0}
{"ts":"2026-03-05T23:30:38.809Z","event":"dealing_tick","sessionId":"xqe6y8ij","round":21,"declarations":0}
{"ts":"2026-03-05T23:30:38.970Z","event":"dealing_tick","sessionId":"xqe6y8ij","round":22,"declarations":0}
{"ts":"2026-03-05T23:30:39.135Z","event":"dealing_tick","sessionId":"xqe6y8ij","round":23,"declarations":0}
{"ts":"2026-03-05T23:30:39.293Z","event":"dealing_tick","sessionId":"xqe6y8ij","round":24,"declarations":0}
{"ts":"2026-03-05T23:30:39.463Z","event":"dealing_tick","sessionId":"xqe6y8ij","round":25,"declarations":0}
{"ts":"2026-03-05T23:30:39.629Z","event":"dealing_tick","sessionId":"xqe6y8ij","round":26,"declarations":0}
{"ts":"2026-03-05T23:30:39.786Z","event":"dealing_tick","sessionId":"xqe6y8ij","round":27,"declarations":0}
{"ts":"2026-03-05T23:30:39.944Z","event":"dealing_tick","sessionId":"xqe6y8ij","round":28,"declarations":1}
{"ts":"2026-03-05T23:30:40.107Z","event":"dealing_tick","sessionId":"xqe6y8ij","round":29,"declarations":0}
{"ts":"2026-03-05T23:30:40.269Z","event":"dealing_tick","sessionId":"xqe6y8ij","round":30,"declarations":0}
{"ts":"2026-03-05T23:30:40.745Z","event":"dealing_tick","sessionId":"xqe6y8ij","round":31,"declarations":0}
{"ts":"2026-03-05T23:30:40.905Z","event":"dealing_tick","sessionId":"xqe6y8ij","round":32,"declarations":0}
{"ts":"2026-03-05T23:30:41.071Z","event":"dealing_tick","sessionId":"xqe6y8ij","round":33,"declarations":0}
{"ts":"2026-03-05T23:30:41.231Z","event":"dealing_tick","sessionId":"xqe6y8ij","round":34,"declarations":0}
{"ts":"2026-03-05T23:30:41.395Z","event":"dealing_tick","sessionId":"xqe6y8ij","round":35,"declarations":0}
{"ts":"2026-03-05T23:30:41.567Z","event":"dealing_tick","sessionId":"xqe6y8ij","round":36,"declarations":0}
{"ts":"2026-03-05T23:30:41.757Z","event":"dealing_tick","sessionId":"xqe6y8ij","round":37,"declarations":0}
{"ts":"2026-03-05T23:30:41.936Z","event":"dealing_tick","sessionId":"xqe6y8ij","round":38,"declarations":0}
{"ts":"2026-03-05T23:30:42.102Z","event":"dealing_tick","sessionId":"xqe6y8ij","round":39,"declarations":0}
{"ts":"2026-03-05T23:30:42.103Z","event":"dealing_finished","sessionId":"xqe6y8ij","phase":"play","dealer":"north","kittyHolder":"north"}
{"ts":"2026-03-05T23:30:42.281Z","event":"run_play_done","sessionId":"xqe6y8ij","round":39,"dealer":"west"}
{"ts":"2026-03-05T23:42:27.444Z","event":"new_game","sessionId":"bmtxyyfm","mode":"grab","level":"2","dealer":"south"}
{"ts":"2026-03-05T23:42:29.695Z","event":"dealing_tick","sessionId":"bmtxyyfm","round":1,"declarations":0}
{"ts":"2026-03-05T23:42:30.192Z","event":"dealing_tick","sessionId":"bmtxyyfm","round":2,"declarations":0}
{"ts":"2026-03-05T23:42:30.699Z","event":"dealing_tick","sessionId":"bmtxyyfm","round":3,"declarations":0}
{"ts":"2026-03-05T23:42:31.194Z","event":"dealing_tick","sessionId":"bmtxyyfm","round":4,"declarations":1}
{"ts":"2026-03-05T23:42:31.713Z","event":"dealing_tick","sessionId":"bmtxyyfm","round":5,"declarations":0}
{"ts":"2026-03-05T23:42:32.180Z","event":"dealing_tick","sessionId":"bmtxyyfm","round":6,"declarations":0}
{"ts":"2026-03-05T23:42:32.690Z","event":"dealing_tick","sessionId":"bmtxyyfm","round":7,"declarations":0}
{"ts":"2026-03-05T23:42:33.193Z","event":"dealing_tick","sessionId":"bmtxyyfm","round":8,"declarations":0}
{"ts":"2026-03-05T23:42:33.689Z","event":"dealing_tick","sessionId":"bmtxyyfm","round":9,"declarations":0}
{"ts":"2026-03-05T23:42:34.213Z","event":"dealing_tick","sessionId":"bmtxyyfm","round":10,"declarations":0}
{"ts":"2026-03-05T23:42:34.856Z","event":"dealing_tick","sessionId":"bmtxyyfm","round":11,"declarations":0}
{"ts":"2026-03-05T23:42:35.184Z","event":"dealing_tick","sessionId":"bmtxyyfm","round":12,"declarations":0}
{"ts":"2026-03-05T23:42:35.688Z","event":"dealing_tick","sessionId":"bmtxyyfm","round":13,"declarations":0}
{"ts":"2026-03-05T23:42:36.194Z","event":"dealing_tick","sessionId":"bmtxyyfm","round":14,"declarations":0}
{"ts":"2026-03-05T23:42:36.692Z","event":"dealing_tick","sessionId":"bmtxyyfm","round":15,"declarations":0}
{"ts":"2026-03-05T23:42:37.181Z","event":"dealing_tick","sessionId":"bmtxyyfm","round":16,"declarations":0}
{"ts":"2026-03-05T23:42:37.685Z","event":"dealing_tick","sessionId":"bmtxyyfm","round":17,"declarations":0}
{"ts":"2026-03-05T23:42:38.197Z","event":"dealing_tick","sessionId":"bmtxyyfm","round":18,"declarations":0}
{"ts":"2026-03-05T23:42:38.683Z","event":"dealing_tick","sessionId":"bmtxyyfm","round":19,"declarations":0}
{"ts":"2026-03-05T23:42:39.194Z","event":"dealing_tick","sessionId":"bmtxyyfm","round":20,"declarations":0}
{"ts":"2026-03-05T23:42:39.686Z","event":"dealing_tick","sessionId":"bmtxyyfm","round":21,"declarations":0}
{"ts":"2026-03-05T23:42:40.201Z","event":"dealing_tick","sessionId":"bmtxyyfm","round":22,"declarations":0}
{"ts":"2026-03-05T23:42:40.689Z","event":"dealing_tick","sessionId":"bmtxyyfm","round":23,"declarations":0}
{"ts":"2026-03-05T23:42:41.175Z","event":"dealing_tick","sessionId":"bmtxyyfm","round":24,"declarations":0}
{"ts":"2026-03-05T23:42:41.691Z","event":"dealing_tick","sessionId":"bmtxyyfm","round":25,"declarations":0}
{"ts":"2026-03-05T23:42:42.197Z","event":"dealing_tick","sessionId":"bmtxyyfm","round":26,"declarations":0}
{"ts":"2026-03-05T23:42:43.276Z","event":"dealing_tick","sessionId":"bmtxyyfm","round":27,"declarations":0}
{"ts":"2026-03-05T23:42:44.290Z","event":"dealing_tick","sessionId":"bmtxyyfm","round":28,"declarations":0}
{"ts":"2026-03-05T23:42:45.282Z","event":"dealing_tick","sessionId":"bmtxyyfm","round":29,"declarations":0}
{"ts":"2026-03-05T23:42:46.285Z","event":"dealing_tick","sessionId":"bmtxyyfm","round":30,"declarations":0}
{"ts":"2026-03-05T23:42:47.301Z","event":"dealing_tick","sessionId":"bmtxyyfm","round":31,"declarations":0}
{"ts":"2026-03-05T23:42:48.285Z","event":"dealing_tick","sessionId":"bmtxyyfm","round":32,"declarations":0}
{"ts":"2026-03-05T23:42:50.577Z","event":"dealing_tick","sessionId":"bmtxyyfm","round":33,"declarations":0}
{"ts":"2026-03-05T23:42:50.609Z","event":"dealing_tick","sessionId":"bmtxyyfm","round":34,"declarations":0}
{"ts":"2026-03-05T23:42:51.278Z","event":"dealing_tick","sessionId":"bmtxyyfm","round":35,"declarations":0}
{"ts":"2026-03-05T23:42:52.290Z","event":"dealing_tick","sessionId":"bmtxyyfm","round":36,"declarations":0}
{"ts":"2026-03-05T23:42:53.294Z","event":"dealing_tick","sessionId":"bmtxyyfm","round":37,"declarations":0}
{"ts":"2026-03-05T23:42:54.302Z","event":"dealing_tick","sessionId":"bmtxyyfm","round":38,"declarations":0}
{"ts":"2026-03-05T23:42:55.290Z","event":"dealing_tick","sessionId":"bmtxyyfm","round":39,"declarations":0}
{"ts":"2026-03-05T23:42:55.293Z","event":"dealing_finished","sessionId":"bmtxyyfm","phase":"play","dealer":"east","kittyHolder":"east"}
{"ts":"2026-03-05T23:42:55.502Z","event":"advance_play","sessionId":"bmtxyyfm","currentTurn":"south","phase":"play","partial":3,"waitingNextRound":false}
{"ts":"2026-03-05T23:42:55.640Z","event":"advance_play","sessionId":"bmtxyyfm","currentTurn":"south","phase":"play","partial":3,"waitingNextRound":false}
{"ts":"2026-03-05T23:44:08.949Z","event":"play_human","sessionId":"bmtxyyfm","cards":[28,136],"winner":"west","points":20,"phase":"play","currentTurn":"west"}
{"ts":"2026-03-05T23:44:09.164Z","event":"advance_play","sessionId":"bmtxyyfm","currentTurn":"west","phase":"play","partial":0,"waitingNextRound":true}
{"ts":"2026-03-05T23:44:13.144Z","event":"advance_play","sessionId":"bmtxyyfm","currentTurn":"south","phase":"play","partial":1,"waitingNextRound":false}
{"ts":"2026-03-05T23:44:42.473Z","event":"play_human","sessionId":"bmtxyyfm","cards":[77,131],"winner":"south","points":20,"phase":"play","currentTurn":"south"}
{"ts":"2026-03-05T23:47:18.652Z","event":"new_game","sessionId":"fgrm9tuj","mode":"grab","level":"2","dealer":"south"}
{"ts":"2026-03-05T23:47:23.511Z","event":"dealing_tick","sessionId":"fgrm9tuj","round":1,"declarations":1}
{"ts":"2026-03-05T23:47:24.001Z","event":"dealing_tick","sessionId":"fgrm9tuj","round":2,"declarations":0}
{"ts":"2026-03-05T23:47:24.790Z","event":"dealing_tick","sessionId":"fgrm9tuj","round":3,"declarations":0}
{"ts":"2026-03-05T23:47:25.008Z","event":"dealing_tick","sessionId":"fgrm9tuj","round":4,"declarations":0}
{"ts":"2026-03-05T23:47:25.658Z","event":"dealing_tick","sessionId":"fgrm9tuj","round":5,"declarations":0}
{"ts":"2026-03-05T23:47:26.002Z","event":"dealing_tick","sessionId":"fgrm9tuj","round":6,"declarations":0}
{"ts":"2026-03-05T23:47:26.503Z","event":"dealing_tick","sessionId":"fgrm9tuj","round":7,"declarations":0}
{"ts":"2026-03-05T23:47:27.006Z","event":"dealing_tick","sessionId":"fgrm9tuj","round":8,"declarations":0}
{"ts":"2026-03-05T23:47:27.513Z","event":"dealing_tick","sessionId":"fgrm9tuj","round":9,"declarations":0}
{"ts":"2026-03-05T23:47:28.018Z","event":"dealing_tick","sessionId":"fgrm9tuj","round":10,"declarations":0}
{"ts":"2026-03-05T23:47:28.517Z","event":"dealing_tick","sessionId":"fgrm9tuj","round":11,"declarations":0}
{"ts":"2026-03-05T23:47:29.031Z","event":"dealing_tick","sessionId":"fgrm9tuj","round":12,"declarations":0}
{"ts":"2026-03-05T23:47:29.516Z","event":"dealing_tick","sessionId":"fgrm9tuj","round":13,"declarations":0}
{"ts":"2026-03-05T23:47:30.010Z","event":"dealing_tick","sessionId":"fgrm9tuj","round":14,"declarations":0}
{"ts":"2026-03-05T23:47:30.519Z","event":"dealing_tick","sessionId":"fgrm9tuj","round":15,"declarations":0}
{"ts":"2026-03-05T23:47:31.002Z","event":"dealing_tick","sessionId":"fgrm9tuj","round":16,"declarations":0}
{"ts":"2026-03-05T23:47:31.508Z","event":"dealing_tick","sessionId":"fgrm9tuj","round":17,"declarations":1}
{"ts":"2026-03-05T23:47:32.597Z","event":"dealing_tick","sessionId":"fgrm9tuj","round":18,"declarations":0}
{"ts":"2026-03-05T23:47:32.791Z","event":"dealing_tick","sessionId":"fgrm9tuj","round":19,"declarations":0}
{"ts":"2026-03-05T23:47:33.026Z","event":"dealing_tick","sessionId":"fgrm9tuj","round":20,"declarations":0}
{"ts":"2026-03-05T23:47:33.518Z","event":"dealing_tick","sessionId":"fgrm9tuj","round":21,"declarations":1}
{"ts":"2026-03-05T23:47:34.002Z","event":"dealing_tick","sessionId":"fgrm9tuj","round":22,"declarations":0}
{"ts":"2026-03-05T23:47:34.510Z","event":"dealing_tick","sessionId":"fgrm9tuj","round":23,"declarations":0}
{"ts":"2026-03-05T23:47:35.011Z","event":"dealing_tick","sessionId":"fgrm9tuj","round":24,"declarations":0}
{"ts":"2026-03-05T23:47:35.507Z","event":"dealing_tick","sessionId":"fgrm9tuj","round":25,"declarations":0}
{"ts":"2026-03-05T23:47:36.008Z","event":"dealing_tick","sessionId":"fgrm9tuj","round":26,"declarations":0}
{"ts":"2026-03-05T23:47:36.507Z","event":"dealing_tick","sessionId":"fgrm9tuj","round":27,"declarations":0}
{"ts":"2026-03-05T23:47:36.997Z","event":"dealing_tick","sessionId":"fgrm9tuj","round":28,"declarations":0}
{"ts":"2026-03-05T23:47:37.500Z","event":"dealing_tick","sessionId":"fgrm9tuj","round":29,"declarations":0}
{"ts":"2026-03-05T23:47:38.000Z","event":"dealing_tick","sessionId":"fgrm9tuj","round":30,"declarations":0}
{"ts":"2026-03-05T23:47:38.503Z","event":"dealing_tick","sessionId":"fgrm9tuj","round":31,"declarations":0}
{"ts":"2026-03-05T23:47:38.991Z","event":"dealing_tick","sessionId":"fgrm9tuj","round":32,"declarations":0}
{"ts":"2026-03-05T23:47:39.501Z","event":"dealing_tick","sessionId":"fgrm9tuj","round":33,"declarations":0}
{"ts":"2026-03-05T23:47:39.998Z","event":"dealing_tick","sessionId":"fgrm9tuj","round":34,"declarations":0}
{"ts":"2026-03-05T23:47:40.497Z","event":"dealing_tick","sessionId":"fgrm9tuj","round":35,"declarations":0}
{"ts":"2026-03-05T23:47:41.011Z","event":"dealing_tick","sessionId":"fgrm9tuj","round":36,"declarations":0}
{"ts":"2026-03-05T23:47:41.499Z","event":"dealing_tick","sessionId":"fgrm9tuj","round":37,"declarations":0}
{"ts":"2026-03-05T23:47:42.005Z","event":"dealing_tick","sessionId":"fgrm9tuj","round":38,"declarations":0}
{"ts":"2026-03-05T23:47:43.296Z","event":"dealing_tick","sessionId":"fgrm9tuj","round":39,"declarations":0}
{"ts":"2026-03-05T23:47:43.300Z","event":"dealing_finished","sessionId":"fgrm9tuj","phase":"play","dealer":"west","kittyHolder":"west"}
{"ts":"2026-03-05T23:47:43.539Z","event":"advance_play","sessionId":"fgrm9tuj","currentTurn":"south","phase":"play","partial":1,"waitingNextRound":false}
{"ts":"2026-03-05T23:47:43.762Z","event":"advance_play","sessionId":"fgrm9tuj","currentTurn":"south","phase":"play","partial":1,"waitingNextRound":false}
{"ts":"2026-03-05T23:47:46.260Z","event":"run_play_done","sessionId":"fgrm9tuj","round":39,"dealer":"south"}
{"ts":"2026-03-05T23:47:48.453Z","event":"new_game","sessionId":"an1hqvbc","mode":"grab","level":"2","dealer":"south"}
{"ts":"2026-03-05T23:47:52.968Z","event":"dealing_tick","sessionId":"an1hqvbc","round":1,"declarations":1}
{"ts":"2026-03-05T23:47:53.577Z","event":"dealing_tick","sessionId":"an1hqvbc","round":2,"declarations":0}
{"ts":"2026-03-05T23:47:53.855Z","event":"dealing_tick","sessionId":"an1hqvbc","round":3,"declarations":0}
{"ts":"2026-03-05T23:47:54.359Z","event":"dealing_tick","sessionId":"an1hqvbc","round":4,"declarations":0}
{"ts":"2026-03-05T23:47:54.849Z","event":"dealing_tick","sessionId":"an1hqvbc","round":5,"declarations":0}
{"ts":"2026-03-05T23:47:55.627Z","event":"dealing_tick","sessionId":"an1hqvbc","round":6,"declarations":0}
{"ts":"2026-03-05T23:47:55.848Z","event":"dealing_tick","sessionId":"an1hqvbc","round":7,"declarations":0}
{"ts":"2026-03-05T23:47:56.349Z","event":"dealing_tick","sessionId":"an1hqvbc","round":8,"declarations":0}
{"ts":"2026-03-05T23:47:56.853Z","event":"dealing_tick","sessionId":"an1hqvbc","round":9,"declarations":0}
{"ts":"2026-03-05T23:47:57.360Z","event":"dealing_tick","sessionId":"an1hqvbc","round":10,"declarations":0}
{"ts":"2026-03-05T23:47:57.854Z","event":"dealing_tick","sessionId":"an1hqvbc","round":11,"declarations":0}
{"ts":"2026-03-05T23:47:58.808Z","event":"dealing_tick","sessionId":"an1hqvbc","round":12,"declarations":0}
{"ts":"2026-03-05T23:47:58.840Z","event":"dealing_tick","sessionId":"an1hqvbc","round":13,"declarations":0}
{"ts":"2026-03-05T23:47:59.342Z","event":"dealing_tick","sessionId":"an1hqvbc","round":14,"declarations":0}
{"ts":"2026-03-05T23:47:59.848Z","event":"dealing_tick","sessionId":"an1hqvbc","round":15,"declarations":0}
{"ts":"2026-03-05T23:48:00.385Z","event":"dealing_tick","sessionId":"an1hqvbc","round":16,"declarations":0}
{"ts":"2026-03-05T23:48:00.843Z","event":"dealing_tick","sessionId":"an1hqvbc","round":17,"declarations":0}
{"ts":"2026-03-05T23:48:01.369Z","event":"dealing_tick","sessionId":"an1hqvbc","round":18,"declarations":0}
{"ts":"2026-03-05T23:48:01.854Z","event":"dealing_tick","sessionId":"an1hqvbc","round":19,"declarations":0}
{"ts":"2026-03-05T23:48:02.357Z","event":"dealing_tick","sessionId":"an1hqvbc","round":20,"declarations":0}
{"ts":"2026-03-05T23:48:03.117Z","event":"dealing_tick","sessionId":"an1hqvbc","round":21,"declarations":0}
{"ts":"2026-03-05T23:48:03.374Z","event":"dealing_tick","sessionId":"an1hqvbc","round":22,"declarations":0}
{"ts":"2026-03-05T23:48:04.600Z","event":"dealing_tick","sessionId":"an1hqvbc","round":23,"declarations":0}
{"ts":"2026-03-05T23:48:04.601Z","event":"dealing_tick","sessionId":"an1hqvbc","round":24,"declarations":1}
{"ts":"2026-03-05T23:48:04.885Z","event":"dealing_tick","sessionId":"an1hqvbc","round":25,"declarations":0}
{"ts":"2026-03-05T23:48:05.364Z","event":"dealing_tick","sessionId":"an1hqvbc","round":26,"declarations":0}
{"ts":"2026-03-05T23:48:05.858Z","event":"dealing_tick","sessionId":"an1hqvbc","round":27,"declarations":0}
{"ts":"2026-03-05T23:48:06.353Z","event":"dealing_tick","sessionId":"an1hqvbc","round":28,"declarations":0}
{"ts":"2026-03-05T23:48:06.858Z","event":"dealing_tick","sessionId":"an1hqvbc","round":29,"declarations":0}
{"ts":"2026-03-05T23:48:07.345Z","event":"dealing_tick","sessionId":"an1hqvbc","round":30,"declarations":0}
{"ts":"2026-03-05T23:48:07.845Z","event":"dealing_tick","sessionId":"an1hqvbc","round":31,"declarations":0}
{"ts":"2026-03-05T23:48:08.527Z","event":"dealing_tick","sessionId":"an1hqvbc","round":32,"declarations":0}
{"ts":"2026-03-05T23:48:09.110Z","event":"dealing_tick","sessionId":"an1hqvbc","round":33,"declarations":0}
{"ts":"2026-03-05T23:48:09.364Z","event":"dealing_tick","sessionId":"an1hqvbc","round":34,"declarations":0}
{"ts":"2026-03-05T23:48:09.846Z","event":"dealing_tick","sessionId":"an1hqvbc","round":35,"declarations":0}
{"ts":"2026-03-05T23:48:10.355Z","event":"dealing_tick","sessionId":"an1hqvbc","round":36,"declarations":0}
{"ts":"2026-03-05T23:48:11.282Z","event":"dealing_tick","sessionId":"an1hqvbc","round":37,"declarations":0}
{"ts":"2026-03-05T23:48:11.526Z","event":"dealing_tick","sessionId":"an1hqvbc","round":38,"declarations":0}
{"ts":"2026-03-05T23:48:11.849Z","event":"dealing_tick","sessionId":"an1hqvbc","round":39,"declarations":0}
{"ts":"2026-03-05T23:48:11.849Z","event":"dealing_finished","sessionId":"an1hqvbc","phase":"play","dealer":"west","kittyHolder":"west"}
{"ts":"2026-03-05T23:48:12.011Z","event":"advance_play","sessionId":"an1hqvbc","currentTurn":"south","phase":"play","partial":1,"waitingNextRound":false}
{"ts":"2026-03-05T23:48:12.139Z","event":"advance_play","sessionId":"an1hqvbc","currentTurn":"south","phase":"play","partial":1,"waitingNextRound":false}
{"ts":"2026-03-05T23:53:21.879Z","event":"new_game","sessionId":"2wmt4f2w","mode":"grab","level":"2","dealer":"south"}
{"ts":"2026-03-05T23:53:25.656Z","event":"dealing_tick","sessionId":"2wmt4f2w","round":1,"declarations":0}
{"ts":"2026-03-05T23:53:26.146Z","event":"dealing_tick","sessionId":"2wmt4f2w","round":2,"declarations":0}
{"ts":"2026-03-05T23:53:26.641Z","event":"dealing_tick","sessionId":"2wmt4f2w","round":3,"declarations":1}
{"ts":"2026-03-05T23:53:27.147Z","event":"dealing_tick","sessionId":"2wmt4f2w","round":4,"declarations":0}
{"ts":"2026-03-05T23:53:27.666Z","event":"dealing_tick","sessionId":"2wmt4f2w","round":5,"declarations":0}
{"ts":"2026-03-05T23:53:28.175Z","event":"dealing_tick","sessionId":"2wmt4f2w","round":6,"declarations":0}
{"ts":"2026-03-05T23:53:28.646Z","event":"dealing_tick","sessionId":"2wmt4f2w","round":7,"declarations":0}
{"ts":"2026-03-05T23:53:29.164Z","event":"dealing_tick","sessionId":"2wmt4f2w","round":8,"declarations":0}
{"ts":"2026-03-05T23:53:29.666Z","event":"dealing_tick","sessionId":"2wmt4f2w","round":9,"declarations":0}
{"ts":"2026-03-05T23:53:30.177Z","event":"dealing_tick","sessionId":"2wmt4f2w","round":10,"declarations":0}
{"ts":"2026-03-05T23:53:30.656Z","event":"dealing_tick","sessionId":"2wmt4f2w","round":11,"declarations":0}
{"ts":"2026-03-05T23:53:31.156Z","event":"dealing_tick","sessionId":"2wmt4f2w","round":12,"declarations":0}
{"ts":"2026-03-05T23:53:31.675Z","event":"dealing_tick","sessionId":"2wmt4f2w","round":13,"declarations":0}
{"ts":"2026-03-05T23:53:32.175Z","event":"dealing_tick","sessionId":"2wmt4f2w","round":14,"declarations":0}
{"ts":"2026-03-05T23:53:32.676Z","event":"dealing_tick","sessionId":"2wmt4f2w","round":15,"declarations":0}
{"ts":"2026-03-05T23:53:33.166Z","event":"dealing_tick","sessionId":"2wmt4f2w","round":16,"declarations":0}
{"ts":"2026-03-05T23:53:33.675Z","event":"dealing_tick","sessionId":"2wmt4f2w","round":17,"declarations":0}
{"ts":"2026-03-05T23:53:34.176Z","event":"dealing_tick","sessionId":"2wmt4f2w","round":18,"declarations":0}
{"ts":"2026-03-05T23:53:34.683Z","event":"dealing_tick","sessionId":"2wmt4f2w","round":19,"declarations":0}
{"ts":"2026-03-05T23:53:35.166Z","event":"dealing_tick","sessionId":"2wmt4f2w","round":20,"declarations":0}
{"ts":"2026-03-05T23:53:35.666Z","event":"dealing_tick","sessionId":"2wmt4f2w","round":21,"declarations":0}
{"ts":"2026-03-05T23:53:36.186Z","event":"dealing_tick","sessionId":"2wmt4f2w","round":22,"declarations":0}
{"ts":"2026-03-05T23:53:36.690Z","event":"dealing_tick","sessionId":"2wmt4f2w","round":23,"declarations":0}
{"ts":"2026-03-05T23:53:37.191Z","event":"dealing_tick","sessionId":"2wmt4f2w","round":24,"declarations":0}
{"ts":"2026-03-05T23:53:37.687Z","event":"dealing_tick","sessionId":"2wmt4f2w","round":25,"declarations":0}
{"ts":"2026-03-05T23:53:38.186Z","event":"dealing_tick","sessionId":"2wmt4f2w","round":26,"declarations":0}
{"ts":"2026-03-05T23:53:38.686Z","event":"dealing_tick","sessionId":"2wmt4f2w","round":27,"declarations":0}
{"ts":"2026-03-05T23:53:39.186Z","event":"dealing_tick","sessionId":"2wmt4f2w","round":28,"declarations":0}
{"ts":"2026-03-05T23:53:39.697Z","event":"dealing_tick","sessionId":"2wmt4f2w","round":29,"declarations":0}
{"ts":"2026-03-05T23:53:40.196Z","event":"dealing_tick","sessionId":"2wmt4f2w","round":30,"declarations":0}
{"ts":"2026-03-05T23:53:40.676Z","event":"dealing_tick","sessionId":"2wmt4f2w","round":31,"declarations":0}
{"ts":"2026-03-05T23:53:41.186Z","event":"dealing_tick","sessionId":"2wmt4f2w","round":32,"declarations":0}
{"ts":"2026-03-05T23:53:41.675Z","event":"dealing_tick","sessionId":"2wmt4f2w","round":33,"declarations":1}
{"ts":"2026-03-05T23:53:42.188Z","event":"dealing_tick","sessionId":"2wmt4f2w","round":34,"declarations":0}
{"ts":"2026-03-05T23:53:42.668Z","event":"dealing_tick","sessionId":"2wmt4f2w","round":35,"declarations":0}
{"ts":"2026-03-05T23:53:43.213Z","event":"dealing_tick","sessionId":"2wmt4f2w","round":36,"declarations":1}
{"ts":"2026-03-05T23:53:43.678Z","event":"dealing_tick","sessionId":"2wmt4f2w","round":37,"declarations":0}
{"ts":"2026-03-05T23:53:44.189Z","event":"dealing_tick","sessionId":"2wmt4f2w","round":38,"declarations":0}
{"ts":"2026-03-05T23:53:44.680Z","event":"dealing_tick","sessionId":"2wmt4f2w","round":39,"declarations":0}
{"ts":"2026-03-05T23:53:44.680Z","event":"dealing_finished","sessionId":"2wmt4f2w","phase":"play","dealer":"west","kittyHolder":"west"}
{"ts":"2026-03-05T23:53:45.054Z","event":"advance_play","sessionId":"2wmt4f2w","currentTurn":"south","phase":"play","partial":1,"waitingNextRound":false}
{"ts":"2026-03-05T23:53:45.517Z","event":"advance_play","sessionId":"2wmt4f2w","currentTurn":"south","phase":"play","partial":1,"waitingNextRound":false}
{"ts":"2026-03-05T23:53:58.877Z","event":"play_human","sessionId":"2wmt4f2w","cards":[114,60],"winner":"east","points":20,"phase":"play","currentTurn":"east"}
{"ts":"2026-03-05T23:53:59.367Z","event":"advance_play","sessionId":"2wmt4f2w","currentTurn":"east","phase":"play","partial":0,"waitingNextRound":true}
{"ts":"2026-03-05T23:54:22.059Z","event":"advance_play","sessionId":"2wmt4f2w","currentTurn":"south","phase":"play","partial":3,"waitingNextRound":false}
{"ts":"2026-03-06T00:14:22.700Z","event":"new_game","sessionId":"41corr80","mode":"grab","level":"2","dealer":"south"}
{"ts":"2026-03-06T00:14:27.568Z","event":"dealing_tick","sessionId":"41corr80","round":1,"declarations":0}
{"ts":"2026-03-06T00:14:28.125Z","event":"dealing_tick","sessionId":"41corr80","round":2,"declarations":1}
{"ts":"2026-03-06T00:14:28.568Z","event":"dealing_tick","sessionId":"41corr80","round":3,"declarations":0}
{"ts":"2026-03-06T00:14:29.066Z","event":"dealing_tick","sessionId":"41corr80","round":4,"declarations":0}
{"ts":"2026-03-06T00:14:29.571Z","event":"dealing_tick","sessionId":"41corr80","round":5,"declarations":0}
{"ts":"2026-03-06T00:14:30.085Z","event":"dealing_tick","sessionId":"41corr80","round":6,"declarations":0}
{"ts":"2026-03-06T00:14:30.587Z","event":"dealing_tick","sessionId":"41corr80","round":7,"declarations":0}
{"ts":"2026-03-06T00:14:31.064Z","event":"dealing_tick","sessionId":"41corr80","round":8,"declarations":0}
{"ts":"2026-03-06T00:14:31.564Z","event":"dealing_tick","sessionId":"41corr80","round":9,"declarations":0}
{"ts":"2026-03-06T00:14:32.064Z","event":"dealing_tick","sessionId":"41corr80","round":10,"declarations":0}
{"ts":"2026-03-06T00:14:32.564Z","event":"dealing_tick","sessionId":"41corr80","round":11,"declarations":0}
{"ts":"2026-03-06T00:14:33.083Z","event":"dealing_tick","sessionId":"41corr80","round":12,"declarations":0}
{"ts":"2026-03-06T00:14:33.565Z","event":"dealing_tick","sessionId":"41corr80","round":13,"declarations":0}
{"ts":"2026-03-06T00:14:34.073Z","event":"dealing_tick","sessionId":"41corr80","round":14,"declarations":0}
{"ts":"2026-03-06T00:14:34.579Z","event":"dealing_tick","sessionId":"41corr80","round":15,"declarations":0}
{"ts":"2026-03-06T00:14:35.066Z","event":"dealing_tick","sessionId":"41corr80","round":16,"declarations":1}
{"ts":"2026-03-06T00:14:35.554Z","event":"dealing_tick","sessionId":"41corr80","round":17,"declarations":0}
{"ts":"2026-03-06T00:14:36.048Z","event":"dealing_tick","sessionId":"41corr80","round":18,"declarations":0}
{"ts":"2026-03-06T00:14:36.564Z","event":"dealing_tick","sessionId":"41corr80","round":19,"declarations":0}
{"ts":"2026-03-06T00:14:37.973Z","event":"dealing_tick","sessionId":"41corr80","round":20,"declarations":0}
{"ts":"2026-03-06T00:14:38.012Z","event":"dealing_tick","sessionId":"41corr80","round":21,"declarations":0}
{"ts":"2026-03-06T00:14:38.220Z","event":"dealing_tick","sessionId":"41corr80","round":22,"declarations":0}
{"ts":"2026-03-06T00:14:38.566Z","event":"dealing_tick","sessionId":"41corr80","round":23,"declarations":0}
{"ts":"2026-03-06T00:14:39.054Z","event":"dealing_tick","sessionId":"41corr80","round":24,"declarations":0}
{"ts":"2026-03-06T00:14:41.079Z","event":"dealing_tick","sessionId":"41corr80","round":25,"declarations":0}
{"ts":"2026-03-06T00:14:41.278Z","event":"dealing_tick","sessionId":"41corr80","round":26,"declarations":0}
{"ts":"2026-03-06T00:14:41.279Z","event":"dealing_tick","sessionId":"41corr80","round":27,"declarations":0}
{"ts":"2026-03-06T00:14:41.310Z","event":"dealing_tick","sessionId":"41corr80","round":28,"declarations":0}
{"ts":"2026-03-06T00:14:41.552Z","event":"dealing_tick","sessionId":"41corr80","round":29,"declarations":0}
{"ts":"2026-03-06T00:14:42.335Z","event":"dealing_tick","sessionId":"41corr80","round":30,"declarations":0}
{"ts":"2026-03-06T00:14:42.569Z","event":"dealing_tick","sessionId":"41corr80","round":31,"declarations":0}
{"ts":"2026-03-06T00:14:43.073Z","event":"dealing_tick","sessionId":"41corr80","round":32,"declarations":0}
{"ts":"2026-03-06T00:14:43.557Z","event":"dealing_tick","sessionId":"41corr80","round":33,"declarations":0}
{"ts":"2026-03-06T00:14:44.078Z","event":"dealing_tick","sessionId":"41corr80","round":34,"declarations":0}
{"ts":"2026-03-06T00:14:44.567Z","event":"dealing_tick","sessionId":"41corr80","round":35,"declarations":0}
{"ts":"2026-03-06T00:14:45.056Z","event":"dealing_tick","sessionId":"41corr80","round":36,"declarations":0}
{"ts":"2026-03-06T00:14:45.561Z","event":"dealing_tick","sessionId":"41corr80","round":37,"declarations":0}
{"ts":"2026-03-06T00:14:46.074Z","event":"dealing_tick","sessionId":"41corr80","round":38,"declarations":0}
{"ts":"2026-03-06T00:14:46.557Z","event":"dealing_tick","sessionId":"41corr80","round":39,"declarations":0}
{"ts":"2026-03-06T00:14:46.560Z","event":"dealing_finished","sessionId":"41corr80","phase":"play","dealer":"west","kittyHolder":"west"}
{"ts":"2026-03-06T00:14:46.986Z","event":"advance_play","sessionId":"41corr80","currentTurn":"south","phase":"play","partial":1,"waitingNextRound":false}
{"ts":"2026-03-06T00:14:47.465Z","event":"advance_play","sessionId":"41corr80","currentTurn":"south","phase":"play","partial":1,"waitingNextRound":false}
{"ts":"2026-03-06T00:23:14.062Z","event":"new_game","sessionId":"pqqjohy6","mode":"grab","level":"2","dealer":"south"}
{"ts":"2026-03-06T00:23:18.478Z","event":"dealing_tick","sessionId":"pqqjohy6","round":1,"declarations":0}
{"ts":"2026-03-06T00:23:19.033Z","event":"dealing_tick","sessionId":"pqqjohy6","round":2,"declarations":0}
{"ts":"2026-03-06T00:23:19.450Z","event":"dealing_tick","sessionId":"pqqjohy6","round":3,"declarations":0}
{"ts":"2026-03-06T00:23:19.988Z","event":"dealing_tick","sessionId":"pqqjohy6","round":4,"declarations":0}
{"ts":"2026-03-06T00:23:20.468Z","event":"dealing_tick","sessionId":"pqqjohy6","round":5,"declarations":1}
{"ts":"2026-03-06T00:23:20.968Z","event":"dealing_tick","sessionId":"pqqjohy6","round":6,"declarations":0}
{"ts":"2026-03-06T00:23:21.457Z","event":"dealing_tick","sessionId":"pqqjohy6","round":7,"declarations":0}
{"ts":"2026-03-06T00:23:21.945Z","event":"dealing_tick","sessionId":"pqqjohy6","round":8,"declarations":0}
{"ts":"2026-03-06T00:23:22.444Z","event":"dealing_tick","sessionId":"pqqjohy6","round":9,"declarations":0}
{"ts":"2026-03-06T00:23:22.950Z","event":"dealing_tick","sessionId":"pqqjohy6","round":10,"declarations":0}
{"ts":"2026-03-06T00:23:23.995Z","event":"dealing_tick","sessionId":"pqqjohy6","round":11,"declarations":0}
{"ts":"2026-03-06T00:23:24.039Z","event":"dealing_tick","sessionId":"pqqjohy6","round":12,"declarations":0}
{"ts":"2026-03-06T00:23:24.456Z","event":"dealing_tick","sessionId":"pqqjohy6","round":13,"declarations":0}
{"ts":"2026-03-06T00:23:24.944Z","event":"dealing_tick","sessionId":"pqqjohy6","round":14,"declarations":0}
{"ts":"2026-03-06T00:23:25.442Z","event":"dealing_tick","sessionId":"pqqjohy6","round":15,"declarations":0}
{"ts":"2026-03-06T00:23:25.959Z","event":"dealing_tick","sessionId":"pqqjohy6","round":16,"declarations":0}
{"ts":"2026-03-06T00:23:26.466Z","event":"dealing_tick","sessionId":"pqqjohy6","round":17,"declarations":1}
{"ts":"2026-03-06T00:23:26.957Z","event":"dealing_tick","sessionId":"pqqjohy6","round":18,"declarations":0}
{"ts":"2026-03-06T00:23:27.460Z","event":"dealing_tick","sessionId":"pqqjohy6","round":19,"declarations":0}
{"ts":"2026-03-06T00:23:28.238Z","event":"dealing_tick","sessionId":"pqqjohy6","round":20,"declarations":0}
{"ts":"2026-03-06T00:23:28.457Z","event":"dealing_tick","sessionId":"pqqjohy6","round":21,"declarations":0}
{"ts":"2026-03-06T00:23:28.953Z","event":"dealing_tick","sessionId":"pqqjohy6","round":22,"declarations":0}
{"ts":"2026-03-06T00:23:29.456Z","event":"dealing_tick","sessionId":"pqqjohy6","round":23,"declarations":0}
{"ts":"2026-03-06T00:23:29.960Z","event":"dealing_tick","sessionId":"pqqjohy6","round":24,"declarations":0}
{"ts":"2026-03-06T00:23:30.447Z","event":"dealing_tick","sessionId":"pqqjohy6","round":25,"declarations":0}
{"ts":"2026-03-06T00:23:30.945Z","event":"dealing_tick","sessionId":"pqqjohy6","round":26,"declarations":0}
{"ts":"2026-03-06T00:23:31.456Z","event":"dealing_tick","sessionId":"pqqjohy6","round":27,"declarations":0}
{"ts":"2026-03-06T00:23:31.955Z","event":"dealing_tick","sessionId":"pqqjohy6","round":28,"declarations":0}
{"ts":"2026-03-06T00:23:32.726Z","event":"dealing_tick","sessionId":"pqqjohy6","round":29,"declarations":0}
{"ts":"2026-03-06T00:23:33.249Z","event":"dealing_tick","sessionId":"pqqjohy6","round":30,"declarations":0}
{"ts":"2026-03-06T00:23:33.447Z","event":"dealing_tick","sessionId":"pqqjohy6","round":31,"declarations":0}
{"ts":"2026-03-06T00:23:33.940Z","event":"dealing_tick","sessionId":"pqqjohy6","round":32,"declarations":0}
{"ts":"2026-03-06T00:23:34.457Z","event":"dealing_tick","sessionId":"pqqjohy6","round":33,"declarations":0}
{"ts":"2026-03-06T00:23:34.948Z","event":"dealing_tick","sessionId":"pqqjohy6","round":34,"declarations":0}
{"ts":"2026-03-06T00:23:35.462Z","event":"dealing_tick","sessionId":"pqqjohy6","round":35,"declarations":0}
{"ts":"2026-03-06T00:23:36.353Z","event":"dealing_tick","sessionId":"pqqjohy6","round":36,"declarations":0}
{"ts":"2026-03-06T00:23:36.452Z","event":"dealing_tick","sessionId":"pqqjohy6","round":37,"declarations":0}
{"ts":"2026-03-06T00:23:36.955Z","event":"dealing_tick","sessionId":"pqqjohy6","round":38,"declarations":0}
{"ts":"2026-03-06T00:23:37.458Z","event":"dealing_tick","sessionId":"pqqjohy6","round":39,"declarations":0}
{"ts":"2026-03-06T00:23:37.461Z","event":"dealing_finished","sessionId":"pqqjohy6","phase":"play","dealer":"west","kittyHolder":"west"}
{"ts":"2026-03-06T00:23:37.645Z","event":"advance_play","sessionId":"pqqjohy6","currentTurn":"south","phase":"play","partial":1,"waitingNextRound":false}
{"ts":"2026-03-06T00:23:37.772Z","event":"advance_play","sessionId":"pqqjohy6","currentTurn":"south","phase":"play","partial":1,"waitingNextRound":false}
{"ts":"2026-03-06T00:23:43.610Z","event":"run_play_done","sessionId":"pqqjohy6","round":39,"dealer":"south"}
{"ts":"2026-03-06T00:23:52.276Z","event":"new_game","sessionId":"glpge4y2","mode":"grab","level":"2","dealer":"south"}
{"ts":"2026-03-06T00:23:56.401Z","event":"dealing_tick","sessionId":"glpge4y2","round":1,"declarations":0}
{"ts":"2026-03-06T00:23:56.902Z","event":"dealing_tick","sessionId":"glpge4y2","round":2,"declarations":0}
{"ts":"2026-03-06T00:23:57.409Z","event":"dealing_tick","sessionId":"glpge4y2","round":3,"declarations":1}
{"ts":"2026-03-06T00:23:57.910Z","event":"dealing_tick","sessionId":"glpge4y2","round":4,"declarations":0}
{"ts":"2026-03-06T00:23:59.420Z","event":"dealing_tick","sessionId":"glpge4y2","round":5,"declarations":0}
{"ts":"2026-03-06T00:23:59.485Z","event":"dealing_tick","sessionId":"glpge4y2","round":6,"declarations":1}
{"ts":"2026-03-06T00:23:59.526Z","event":"dealing_tick","sessionId":"glpge4y2","round":7,"declarations":0}
{"ts":"2026-03-06T00:23:59.895Z","event":"dealing_tick","sessionId":"glpge4y2","round":8,"declarations":0}
{"ts":"2026-03-06T00:24:00.405Z","event":"dealing_tick","sessionId":"glpge4y2","round":9,"declarations":0}
{"ts":"2026-03-06T00:24:00.916Z","event":"dealing_tick","sessionId":"glpge4y2","round":10,"declarations":0}
{"ts":"2026-03-06T00:24:01.400Z","event":"dealing_tick","sessionId":"glpge4y2","round":11,"declarations":0}
{"ts":"2026-03-06T00:24:01.913Z","event":"dealing_tick","sessionId":"glpge4y2","round":12,"declarations":0}
{"ts":"2026-03-06T00:24:02.411Z","event":"dealing_tick","sessionId":"glpge4y2","round":13,"declarations":0}
{"ts":"2026-03-06T00:24:02.909Z","event":"dealing_tick","sessionId":"glpge4y2","round":14,"declarations":0}
{"ts":"2026-03-06T00:24:03.408Z","event":"dealing_tick","sessionId":"glpge4y2","round":15,"declarations":0}
{"ts":"2026-03-06T00:24:03.910Z","event":"dealing_tick","sessionId":"glpge4y2","round":16,"declarations":0}
{"ts":"2026-03-06T00:24:04.391Z","event":"dealing_tick","sessionId":"glpge4y2","round":17,"declarations":0}
{"ts":"2026-03-06T00:24:04.904Z","event":"dealing_tick","sessionId":"glpge4y2","round":18,"declarations":1}
{"ts":"2026-03-06T00:24:05.396Z","event":"dealing_tick","sessionId":"glpge4y2","round":19,"declarations":0}
{"ts":"2026-03-06T00:24:05.904Z","event":"dealing_tick","sessionId":"glpge4y2","round":20,"declarations":0}
{"ts":"2026-03-06T00:24:06.401Z","event":"dealing_tick","sessionId":"glpge4y2","round":21,"declarations":0}
{"ts":"2026-03-06T00:24:06.907Z","event":"dealing_tick","sessionId":"glpge4y2","round":22,"declarations":0}
{"ts":"2026-03-06T00:24:07.930Z","event":"dealing_tick","sessionId":"glpge4y2","round":23,"declarations":0}
{"ts":"2026-03-06T00:24:07.936Z","event":"dealing_tick","sessionId":"glpge4y2","round":24,"declarations":0}
{"ts":"2026-03-06T00:24:08.906Z","event":"dealing_tick","sessionId":"glpge4y2","round":25,"declarations":0}
{"ts":"2026-03-06T00:24:09.303Z","event":"dealing_tick","sessionId":"glpge4y2","round":26,"declarations":0}
{"ts":"2026-03-06T00:24:10.306Z","event":"dealing_tick","sessionId":"glpge4y2","round":27,"declarations":0}
{"ts":"2026-03-06T00:24:11.315Z","event":"dealing_tick","sessionId":"glpge4y2","round":28,"declarations":0}
{"ts":"2026-03-06T00:24:12.310Z","event":"dealing_tick","sessionId":"glpge4y2","round":29,"declarations":0}
{"ts":"2026-03-06T00:24:13.305Z","event":"dealing_tick","sessionId":"glpge4y2","round":30,"declarations":0}
{"ts":"2026-03-06T00:24:14.297Z","event":"dealing_tick","sessionId":"glpge4y2","round":31,"declarations":0}
{"ts":"2026-03-06T00:24:15.294Z","event":"dealing_tick","sessionId":"glpge4y2","round":32,"declarations":0}
{"ts":"2026-03-06T00:24:16.306Z","event":"dealing_tick","sessionId":"glpge4y2","round":33,"declarations":0}
{"ts":"2026-03-06T00:24:17.306Z","event":"dealing_tick","sessionId":"glpge4y2","round":34,"declarations":0}
{"ts":"2026-03-06T00:24:18.556Z","event":"dealing_tick","sessionId":"glpge4y2","round":35,"declarations":0}
{"ts":"2026-03-06T00:24:19.303Z","event":"dealing_tick","sessionId":"glpge4y2","round":36,"declarations":0}
{"ts":"2026-03-06T00:24:20.377Z","event":"dealing_tick","sessionId":"glpge4y2","round":37,"declarations":0}
{"ts":"2026-03-06T00:24:21.304Z","event":"dealing_tick","sessionId":"glpge4y2","round":38,"declarations":0}
{"ts":"2026-03-06T00:24:21.835Z","event":"dealing_tick","sessionId":"glpge4y2","round":39,"declarations":0}
{"ts":"2026-03-06T00:24:21.837Z","event":"dealing_finished","sessionId":"glpge4y2","phase":"play","dealer":"east","kittyHolder":"east"}
{"ts":"2026-03-06T00:24:22.128Z","event":"advance_play","sessionId":"glpge4y2","currentTurn":"south","phase":"play","partial":3,"waitingNextRound":false}
{"ts":"2026-03-06T00:24:22.298Z","event":"advance_play","sessionId":"glpge4y2","currentTurn":"south","phase":"play","partial":3,"waitingNextRound":false}
{"ts":"2026-03-06T00:24:28.839Z","event":"new_game","sessionId":"6oc86ue4","mode":"grab","level":"2","dealer":"south"}
{"ts":"2026-03-06T00:24:31.717Z","event":"dealing_tick","sessionId":"6oc86ue4","round":1,"declarations":0}
{"ts":"2026-03-06T00:24:32.211Z","event":"dealing_tick","sessionId":"6oc86ue4","round":2,"declarations":1}
{"ts":"2026-03-06T00:24:32.710Z","event":"dealing_tick","sessionId":"6oc86ue4","round":3,"declarations":0}
{"ts":"2026-03-06T00:24:33.221Z","event":"dealing_tick","sessionId":"6oc86ue4","round":4,"declarations":0}
{"ts":"2026-03-06T00:24:33.752Z","event":"dealing_tick","sessionId":"6oc86ue4","round":5,"declarations":0}
{"ts":"2026-03-06T00:24:34.221Z","event":"dealing_tick","sessionId":"6oc86ue4","round":6,"declarations":0}
{"ts":"2026-03-06T00:24:34.701Z","event":"dealing_tick","sessionId":"6oc86ue4","round":7,"declarations":0}
{"ts":"2026-03-06T00:24:35.212Z","event":"dealing_tick","sessionId":"6oc86ue4","round":8,"declarations":0}
{"ts":"2026-03-06T00:24:35.719Z","event":"dealing_tick","sessionId":"6oc86ue4","round":9,"declarations":0}
{"ts":"2026-03-06T00:24:36.203Z","event":"dealing_tick","sessionId":"6oc86ue4","round":10,"declarations":0}
{"ts":"2026-03-06T00:24:36.702Z","event":"dealing_tick","sessionId":"6oc86ue4","round":11,"declarations":0}
{"ts":"2026-03-06T00:24:37.197Z","event":"dealing_tick","sessionId":"6oc86ue4","round":12,"declarations":1}
{"ts":"2026-03-06T00:24:37.703Z","event":"dealing_tick","sessionId":"6oc86ue4","round":13,"declarations":0}
{"ts":"2026-03-06T00:24:38.202Z","event":"dealing_tick","sessionId":"6oc86ue4","round":14,"declarations":0}
{"ts":"2026-03-06T00:24:38.692Z","event":"dealing_tick","sessionId":"6oc86ue4","round":15,"declarations":0}
{"ts":"2026-03-06T00:24:39.206Z","event":"dealing_tick","sessionId":"6oc86ue4","round":16,"declarations":0}
{"ts":"2026-03-06T00:24:40.350Z","event":"dealing_tick","sessionId":"6oc86ue4","round":17,"declarations":0}
{"ts":"2026-03-06T00:24:40.900Z","event":"dealing_tick","sessionId":"6oc86ue4","round":18,"declarations":0}
{"ts":"2026-03-06T00:24:41.098Z","event":"dealing_tick","sessionId":"6oc86ue4","round":19,"declarations":0}
{"ts":"2026-03-06T00:24:41.226Z","event":"dealing_tick","sessionId":"6oc86ue4","round":20,"declarations":0}
{"ts":"2026-03-06T00:24:41.712Z","event":"dealing_tick","sessionId":"6oc86ue4","round":21,"declarations":0}
{"ts":"2026-03-06T00:24:42.219Z","event":"dealing_tick","sessionId":"6oc86ue4","round":22,"declarations":0}
{"ts":"2026-03-06T00:24:42.734Z","event":"dealing_tick","sessionId":"6oc86ue4","round":23,"declarations":0}
{"ts":"2026-03-06T00:24:43.212Z","event":"dealing_tick","sessionId":"6oc86ue4","round":24,"declarations":0}
{"ts":"2026-03-06T00:24:43.693Z","event":"dealing_tick","sessionId":"6oc86ue4","round":25,"declarations":0}
{"ts":"2026-03-06T00:24:44.216Z","event":"dealing_tick","sessionId":"6oc86ue4","round":26,"declarations":0}
{"ts":"2026-03-06T00:24:44.704Z","event":"dealing_tick","sessionId":"6oc86ue4","round":27,"declarations":1}
{"ts":"2026-03-06T00:24:45.215Z","event":"dealing_tick","sessionId":"6oc86ue4","round":28,"declarations":0}
{"ts":"2026-03-06T00:24:45.718Z","event":"dealing_tick","sessionId":"6oc86ue4","round":29,"declarations":1}
{"ts":"2026-03-06T00:24:46.212Z","event":"dealing_tick","sessionId":"6oc86ue4","round":30,"declarations":0}
{"ts":"2026-03-06T00:24:46.713Z","event":"dealing_tick","sessionId":"6oc86ue4","round":31,"declarations":0}
{"ts":"2026-03-06T00:24:47.610Z","event":"dealing_tick","sessionId":"6oc86ue4","round":32,"declarations":0}
{"ts":"2026-03-06T00:24:47.995Z","event":"dealing_tick","sessionId":"6oc86ue4","round":33,"declarations":0}
{"ts":"2026-03-06T00:24:48.209Z","event":"dealing_tick","sessionId":"6oc86ue4","round":34,"declarations":0}
{"ts":"2026-03-06T00:24:48.704Z","event":"dealing_tick","sessionId":"6oc86ue4","round":35,"declarations":0}
{"ts":"2026-03-06T00:24:49.442Z","event":"dealing_tick","sessionId":"6oc86ue4","round":36,"declarations":0}
{"ts":"2026-03-06T00:24:49.696Z","event":"dealing_tick","sessionId":"6oc86ue4","round":37,"declarations":0}
{"ts":"2026-03-06T00:24:50.211Z","event":"dealing_tick","sessionId":"6oc86ue4","round":38,"declarations":0}
{"ts":"2026-03-06T00:24:50.709Z","event":"dealing_tick","sessionId":"6oc86ue4","round":39,"declarations":0}
{"ts":"2026-03-06T00:24:50.709Z","event":"dealing_finished","sessionId":"6oc86ue4","phase":"play","dealer":"east","kittyHolder":"east"}
{"ts":"2026-03-06T00:24:50.872Z","event":"advance_play","sessionId":"6oc86ue4","currentTurn":"south","phase":"play","partial":3,"waitingNextRound":false}
{"ts":"2026-03-06T00:24:51.000Z","event":"advance_play","sessionId":"6oc86ue4","currentTurn":"south","phase":"play","partial":3,"waitingNextRound":false}
{"ts":"2026-03-06T00:25:34.455Z","event":"new_game","sessionId":"5d8uxpz4","mode":"grab","level":"2","dealer":"south"}
{"ts":"2026-03-06T00:25:37.623Z","event":"dealing_tick","sessionId":"5d8uxpz4","round":1,"declarations":0}
{"ts":"2026-03-06T00:25:37.988Z","event":"dealing_tick","sessionId":"5d8uxpz4","round":2,"declarations":0}
{"ts":"2026-03-06T00:25:38.496Z","event":"dealing_tick","sessionId":"5d8uxpz4","round":3,"declarations":0}
{"ts":"2026-03-06T00:25:39.007Z","event":"dealing_tick","sessionId":"5d8uxpz4","round":4,"declarations":1}
{"ts":"2026-03-06T00:25:40.150Z","event":"dealing_tick","sessionId":"5d8uxpz4","round":5,"declarations":0}
{"ts":"2026-03-06T00:25:40.491Z","event":"dealing_tick","sessionId":"5d8uxpz4","round":6,"declarations":0}
{"ts":"2026-03-06T00:25:40.543Z","event":"dealing_tick","sessionId":"5d8uxpz4","round":7,"declarations":0}
{"ts":"2026-03-06T00:25:41.001Z","event":"dealing_tick","sessionId":"5d8uxpz4","round":8,"declarations":0}
{"ts":"2026-03-06T00:25:41.504Z","event":"dealing_tick","sessionId":"5d8uxpz4","round":9,"declarations":0}
{"ts":"2026-03-06T00:25:42.016Z","event":"dealing_tick","sessionId":"5d8uxpz4","round":10,"declarations":0}
{"ts":"2026-03-06T00:25:42.515Z","event":"dealing_tick","sessionId":"5d8uxpz4","round":11,"declarations":0}
{"ts":"2026-03-06T00:25:42.994Z","event":"dealing_tick","sessionId":"5d8uxpz4","round":12,"declarations":0}
{"ts":"2026-03-06T00:25:43.510Z","event":"dealing_tick","sessionId":"5d8uxpz4","round":13,"declarations":0}
{"ts":"2026-03-06T00:25:44.004Z","event":"dealing_tick","sessionId":"5d8uxpz4","round":14,"declarations":0}
{"ts":"2026-03-06T00:25:44.635Z","event":"dealing_tick","sessionId":"5d8uxpz4","round":15,"declarations":0}
{"ts":"2026-03-06T00:25:45.000Z","event":"dealing_tick","sessionId":"5d8uxpz4","round":16,"declarations":0}
{"ts":"2026-03-06T00:25:45.504Z","event":"dealing_tick","sessionId":"5d8uxpz4","round":17,"declarations":0}
{"ts":"2026-03-06T00:25:46.001Z","event":"dealing_tick","sessionId":"5d8uxpz4","round":18,"declarations":0}
{"ts":"2026-03-06T00:25:46.514Z","event":"dealing_tick","sessionId":"5d8uxpz4","round":19,"declarations":0}
{"ts":"2026-03-06T00:25:47.256Z","event":"dealing_tick","sessionId":"5d8uxpz4","round":20,"declarations":0}
{"ts":"2026-03-06T00:25:47.520Z","event":"dealing_tick","sessionId":"5d8uxpz4","round":21,"declarations":0}
{"ts":"2026-03-06T00:25:47.995Z","event":"dealing_tick","sessionId":"5d8uxpz4","round":22,"declarations":0}
{"ts":"2026-03-06T00:25:48.500Z","event":"dealing_tick","sessionId":"5d8uxpz4","round":23,"declarations":0}
{"ts":"2026-03-06T00:25:49.010Z","event":"dealing_tick","sessionId":"5d8uxpz4","round":24,"declarations":0}
{"ts":"2026-03-06T00:25:49.495Z","event":"dealing_tick","sessionId":"5d8uxpz4","round":25,"declarations":1}
{"ts":"2026-03-06T00:25:50.050Z","event":"dealing_tick","sessionId":"5d8uxpz4","round":26,"declarations":0}
{"ts":"2026-03-06T00:25:50.533Z","event":"dealing_tick","sessionId":"5d8uxpz4","round":27,"declarations":0}
{"ts":"2026-03-06T00:25:50.990Z","event":"dealing_tick","sessionId":"5d8uxpz4","round":28,"declarations":0}
{"ts":"2026-03-06T00:25:51.517Z","event":"dealing_tick","sessionId":"5d8uxpz4","round":29,"declarations":0}
{"ts":"2026-03-06T00:25:51.999Z","event":"dealing_tick","sessionId":"5d8uxpz4","round":30,"declarations":0}
{"ts":"2026-03-06T00:25:52.499Z","event":"dealing_tick","sessionId":"5d8uxpz4","round":31,"declarations":0}
{"ts":"2026-03-06T00:25:52.994Z","event":"dealing_tick","sessionId":"5d8uxpz4","round":32,"declarations":0}
{"ts":"2026-03-06T00:25:53.497Z","event":"dealing_tick","sessionId":"5d8uxpz4","round":33,"declarations":0}
{"ts":"2026-03-06T00:25:54.000Z","event":"dealing_tick","sessionId":"5d8uxpz4","round":34,"declarations":0}
{"ts":"2026-03-06T00:25:54.509Z","event":"dealing_tick","sessionId":"5d8uxpz4","round":35,"declarations":0}
{"ts":"2026-03-06T00:25:55.005Z","event":"dealing_tick","sessionId":"5d8uxpz4","round":36,"declarations":0}
{"ts":"2026-03-06T00:25:55.517Z","event":"dealing_tick","sessionId":"5d8uxpz4","round":37,"declarations":0}
{"ts":"2026-03-06T00:25:56.193Z","event":"dealing_tick","sessionId":"5d8uxpz4","round":38,"declarations":0}
{"ts":"2026-03-06T00:25:56.799Z","event":"dealing_tick","sessionId":"5d8uxpz4","round":39,"declarations":1}
{"ts":"2026-03-06T00:25:56.800Z","event":"dealing_finished","sessionId":"5d8uxpz4","phase":"play","dealer":"east","kittyHolder":"east"}
{"ts":"2026-03-06T00:25:56.938Z","event":"advance_play","sessionId":"5d8uxpz4","currentTurn":"south","phase":"play","partial":3,"waitingNextRound":false}
{"ts":"2026-03-06T00:25:57.064Z","event":"advance_play","sessionId":"5d8uxpz4","currentTurn":"south","phase":"play","partial":3,"waitingNextRound":false}
{"ts":"2026-03-06T00:26:02.293Z","event":"play_human","sessionId":"5d8uxpz4","cards":[105,51],"winner":"south","points":40,"phase":"play","currentTurn":"south"}
{"ts":"2026-03-06T00:33:08.629Z","event":"new_game","sessionId":"8issj28r","mode":"grab","level":"2","dealer":"south"}
{"ts":"2026-03-06T00:33:10.600Z","event":"dealing_tick","sessionId":"8issj28r","round":1,"declarations":0}
{"ts":"2026-03-06T00:33:11.076Z","event":"dealing_tick","sessionId":"8issj28r","round":2,"declarations":1}
{"ts":"2026-03-06T00:33:11.563Z","event":"dealing_tick","sessionId":"8issj28r","round":3,"declarations":0}
{"ts":"2026-03-06T00:33:12.054Z","event":"dealing_tick","sessionId":"8issj28r","round":4,"declarations":0}
{"ts":"2026-03-06T00:33:12.552Z","event":"dealing_tick","sessionId":"8issj28r","round":5,"declarations":0}
{"ts":"2026-03-06T00:33:13.061Z","event":"dealing_tick","sessionId":"8issj28r","round":6,"declarations":1}
{"ts":"2026-03-06T00:33:13.545Z","event":"dealing_tick","sessionId":"8issj28r","round":7,"declarations":0}
{"ts":"2026-03-06T00:33:14.063Z","event":"dealing_tick","sessionId":"8issj28r","round":8,"declarations":0}
{"ts":"2026-03-06T00:33:14.551Z","event":"dealing_tick","sessionId":"8issj28r","round":9,"declarations":0}
{"ts":"2026-03-06T00:33:15.045Z","event":"dealing_tick","sessionId":"8issj28r","round":10,"declarations":0}
{"ts":"2026-03-06T00:33:15.560Z","event":"dealing_tick","sessionId":"8issj28r","round":11,"declarations":0}
{"ts":"2026-03-06T00:33:16.124Z","event":"dealing_tick","sessionId":"8issj28r","round":12,"declarations":0}
{"ts":"2026-03-06T00:33:16.555Z","event":"dealing_tick","sessionId":"8issj28r","round":13,"declarations":0}
{"ts":"2026-03-06T00:33:17.049Z","event":"dealing_tick","sessionId":"8issj28r","round":14,"declarations":0}
{"ts":"2026-03-06T00:33:17.543Z","event":"dealing_tick","sessionId":"8issj28r","round":15,"declarations":0}
{"ts":"2026-03-06T00:33:18.043Z","event":"dealing_tick","sessionId":"8issj28r","round":16,"declarations":0}
{"ts":"2026-03-06T00:33:18.563Z","event":"dealing_tick","sessionId":"8issj28r","round":17,"declarations":0}
{"ts":"2026-03-06T00:33:19.046Z","event":"dealing_tick","sessionId":"8issj28r","round":18,"declarations":0}
{"ts":"2026-03-06T00:33:19.559Z","event":"dealing_tick","sessionId":"8issj28r","round":19,"declarations":0}
{"ts":"2026-03-06T00:33:20.067Z","event":"dealing_tick","sessionId":"8issj28r","round":20,"declarations":0}
{"ts":"2026-03-06T00:33:20.573Z","event":"dealing_tick","sessionId":"8issj28r","round":21,"declarations":0}
{"ts":"2026-03-06T00:33:21.663Z","event":"dealing_tick","sessionId":"8issj28r","round":22,"declarations":0}
{"ts":"2026-03-06T00:33:21.698Z","event":"dealing_tick","sessionId":"8issj28r","round":23,"declarations":0}
{"ts":"2026-03-06T00:33:22.231Z","event":"dealing_tick","sessionId":"8issj28r","round":24,"declarations":0}
{"ts":"2026-03-06T00:33:22.553Z","event":"dealing_tick","sessionId":"8issj28r","round":25,"declarations":0}
{"ts":"2026-03-06T00:33:23.045Z","event":"dealing_tick","sessionId":"8issj28r","round":26,"declarations":0}
{"ts":"2026-03-06T00:33:23.549Z","event":"dealing_tick","sessionId":"8issj28r","round":27,"declarations":1}
{"ts":"2026-03-06T00:33:24.059Z","event":"dealing_tick","sessionId":"8issj28r","round":28,"declarations":0}
{"ts":"2026-03-06T00:33:24.551Z","event":"dealing_tick","sessionId":"8issj28r","round":29,"declarations":0}
{"ts":"2026-03-06T00:33:25.049Z","event":"dealing_tick","sessionId":"8issj28r","round":30,"declarations":0}
{"ts":"2026-03-06T00:33:25.564Z","event":"dealing_tick","sessionId":"8issj28r","round":31,"declarations":0}
{"ts":"2026-03-06T00:33:26.051Z","event":"dealing_tick","sessionId":"8issj28r","round":32,"declarations":0}
{"ts":"2026-03-06T00:33:26.565Z","event":"dealing_tick","sessionId":"8issj28r","round":33,"declarations":0}
{"ts":"2026-03-06T00:33:27.465Z","event":"dealing_tick","sessionId":"8issj28r","round":34,"declarations":0}
{"ts":"2026-03-06T00:33:27.552Z","event":"dealing_tick","sessionId":"8issj28r","round":35,"declarations":0}
{"ts":"2026-03-06T00:33:28.050Z","event":"dealing_tick","sessionId":"8issj28r","round":36,"declarations":0}
{"ts":"2026-03-06T00:33:28.539Z","event":"dealing_tick","sessionId":"8issj28r","round":37,"declarations":0}
{"ts":"2026-03-06T00:33:29.049Z","event":"dealing_tick","sessionId":"8issj28r","round":38,"declarations":0}
{"ts":"2026-03-06T00:33:29.558Z","event":"dealing_tick","sessionId":"8issj28r","round":39,"declarations":0}
{"ts":"2026-03-06T00:33:29.561Z","event":"dealing_finished","sessionId":"8issj28r","phase":"play","dealer":"east","kittyHolder":"east"}
{"ts":"2026-03-06T00:33:29.693Z","event":"advance_play","sessionId":"8issj28r","currentTurn":"south","phase":"play","partial":3,"waitingNextRound":false}
{"ts":"2026-03-06T00:33:29.817Z","event":"advance_play","sessionId":"8issj28r","currentTurn":"south","phase":"play","partial":3,"waitingNextRound":false}
{"ts":"2026-03-06T00:33:40.694Z","event":"play_human","sessionId":"8issj28r","cards":[148,149,41,42,97,45],"winner":"east","points":45,"phase":"play","currentTurn":"east"}
{"ts":"2026-03-06T00:33:40.818Z","event":"advance_play","sessionId":"8issj28r","currentTurn":"east","phase":"play","partial":0,"waitingNextRound":true}
